<?xml version="1.0" encoding="ISO-8859-1"?>
<modeling>
 <generator>
  <i name="program" type="string">vasp </i>
  <i name="version" type="string">5.4.4.18Apr17-6-g9f103f2a35  </i>
  <i name="subversion" type="string">(build Jan 14 2022 15:04:31) complex            parallel </i>
  <i name="platform" type="string">LinuxIFC </i>
  <i name="date" type="string">2025 02 26 </i>
  <i name="time" type="string">10:29:32 </i>
 </generator>
 <incar>
  <i type="string" name="SYSTEM"> HAT-Cu</i>
  <i type="int" name="ISTART">     1</i>
  <i type="string" name="PREC">accurate</i>
  <i type="string" name="ALGO"> Fast</i>
  <i type="logical" name="ADDGRID"> T  </i>
  <i type="logical" name="LSORBIT"> F  </i>
  <i type="int" name="ICHARG">     0</i>
  <i type="int" name="NELM">    60</i>
  <i type="int" name="NELMIN">     2</i>
  <i type="int" name="IBRION">     2</i>
  <i name="EDIFF">      0.00010000</i>
  <i name="EDIFFG">     -0.01000000</i>
  <i type="int" name="NSW">    50</i>
  <i type="int" name="ISIF">     3</i>
  <i name="SYMPREC">      0.00001000</i>
  <i name="ENCUT">    400.00000000</i>
  <i type="int" name="NEDOS">   301</i>
  <i type="string" name="LREAL"> Auto</i>
  <i type="int" name="ISMEAR">     0</i>
  <i name="SIGMA">      0.05000000</i>
  <i type="int" name="LMAXMIX">     2</i>
  <i type="logical" name="LWAVE"> T  </i>
  <i type="logical" name="LCHARG"> T  </i>
  <i type="logical" name="LVTOT"> F  </i>
  <i type="logical" name="LVHAR"> F  </i>
  <i type="logical" name="LAECHG"> F  </i>
  <v type="int" name="KPOINT_BSE">    -1     0     0     0</v>
  <i type="int" name="NELM">    60</i>
 </incar>
 <structure name="primitive_cell" >
  <crystal>
   <varray name="basis" >
    <v>      12.20429048      -7.02226007       0.00000000 </v>
    <v>      12.20429048       7.02226007       0.00000000 </v>
    <v>       0.00000000       0.00000000      15.00000000 </v>
   </varray>
   <i name="volume">   2571.05105243 </i>
   <varray name="rec_basis" >
    <v>       0.04096920      -0.07120215       0.00000000 </v>
    <v>       0.04096920       0.07120215       0.00000000 </v>
    <v>       0.00000000       0.00000000       0.06666667 </v>
   </varray>
  </crystal>
  <varray name="positions" >
   <v>       0.26096806       0.35891121       0.00000000 </v>
   <v>       0.26391082       0.43428023       0.00000000 </v>
   <v>       0.16066661       0.36675515       0.00000000 </v>
   <v>       0.35891121       0.26096806       0.00000000 </v>
   <v>       0.43428023       0.26391082       0.00000000 </v>
   <v>       0.16682066       0.26691415       0.00000000 </v>
   <v>       0.36675515       0.16066661       0.00000000 </v>
   <v>       0.20007382      -0.43497082       0.00000000 </v>
   <v>       0.26691415       0.16682066       0.00000000 </v>
   <v>       0.00000225       0.49999734       0.00000000 </v>
   <v>       0.12145451      -0.35950208       0.00000000 </v>
   <v>       0.06511905       0.26706703       0.00000000 </v>
   <v>       0.02889189      -0.36698398       0.00000000 </v>
   <v>      -0.43497082       0.20007382       0.00000000 </v>
   <v>      -0.02889031       0.36698413       0.00000000 </v>
   <v>       0.26706703       0.06511905       0.00000000 </v>
   <v>       0.49999734       0.00000225       0.00000000 </v>
   <v>      -0.35950208       0.12145451       0.00000000 </v>
   <v>       0.12130437      -0.26173620       0.00000000 </v>
   <v>       0.06527556       0.16715113       0.00000000 </v>
   <v>       0.36698413      -0.02889031       0.00000000 </v>
   <v>       0.19976295      -0.26494370       0.00000000 </v>
   <v>       0.16715113       0.06527556       0.00000000 </v>
   <v>      -0.06512031      -0.26706924       0.00000000 </v>
   <v>      -0.36698398       0.02889189       0.00000000 </v>
   <v>      -0.16066496      -0.36675866       0.00000000 </v>
   <v>      -0.12145396       0.35950453       0.00000000 </v>
   <v>      -0.16682189      -0.26691658       0.00000000 </v>
   <v>      -0.26173620       0.12130437       0.00000000 </v>
   <v>       0.02855110      -0.16139128       0.00000000 </v>
   <v>      -0.26494370       0.19976295       0.00000000 </v>
   <v>      -0.06527753      -0.16715341       0.00000000 </v>
   <v>      -0.02855423       0.16139122       0.00000000 </v>
   <v>      -0.20007330       0.43497333       0.00000000 </v>
   <v>       0.35950453      -0.12145396       0.00000000 </v>
   <v>      -0.12130426       0.26173902       0.00000000 </v>
   <v>       0.26494764      -0.19976232       0.00000000 </v>
   <v>       0.16139122      -0.02855423       0.00000000 </v>
   <v>      -0.26706924      -0.06512031       0.00000000 </v>
   <v>      -0.26096802      -0.35891104       0.00000000 </v>
   <v>      -0.26391126      -0.43427900       0.00000000 </v>
   <v>      -0.36675866      -0.16066496       0.00000000 </v>
   <v>       0.26173902      -0.12130426       0.00000000 </v>
   <v>       0.43497333      -0.20007330       0.00000000 </v>
   <v>      -0.19976232       0.26494764       0.00000000 </v>
   <v>      -0.26691658      -0.16682189       0.00000000 </v>
   <v>      -0.16139128       0.02855110       0.00000000 </v>
   <v>      -0.16715341      -0.06527753       0.00000000 </v>
   <v>      -0.43427900      -0.26391126       0.00000000 </v>
   <v>       0.00000057       0.00000057       0.00000000 </v>
   <v>      -0.35891104      -0.26096802       0.00000000 </v>
  </varray>
 </structure>
 <varray name="primitive_index" >
  <v type="int" >        1 </v>
  <v type="int" >       29 </v>
  <v type="int" >       43 </v>
  <v type="int" >        2 </v>
  <v type="int" >       30 </v>
  <v type="int" >       24 </v>
  <v type="int" >       48 </v>
  <v type="int" >       39 </v>
  <v type="int" >        4 </v>
  <v type="int" >       26 </v>
  <v type="int" >       15 </v>
  <v type="int" >       20 </v>
  <v type="int" >       44 </v>
  <v type="int" >       32 </v>
  <v type="int" >       41 </v>
  <v type="int" >        8 </v>
  <v type="int" >       27 </v>
  <v type="int" >        3 </v>
  <v type="int" >       11 </v>
  <v type="int" >       16 </v>
  <v type="int" >       46 </v>
  <v type="int" >       37 </v>
  <v type="int" >       13 </v>
  <v type="int" >       23 </v>
  <v type="int" >       49 </v>
  <v type="int" >       42 </v>
  <v type="int" >       18 </v>
  <v type="int" >       17 </v>
  <v type="int" >        7 </v>
  <v type="int" >       45 </v>
  <v type="int" >       34 </v>
  <v type="int" >        9 </v>
  <v type="int" >       50 </v>
  <v type="int" >       36 </v>
  <v type="int" >        6 </v>
  <v type="int" >       14 </v>
  <v type="int" >       35 </v>
  <v type="int" >       51 </v>
  <v type="int" >       12 </v>
  <v type="int" >       19 </v>
  <v type="int" >       31 </v>
  <v type="int" >       40 </v>
  <v type="int" >       10 </v>
  <v type="int" >       33 </v>
  <v type="int" >       38 </v>
  <v type="int" >       21 </v>
  <v type="int" >       47 </v>
  <v type="int" >        5 </v>
  <v type="int" >       28 </v>
  <v type="int" >       25 </v>
  <v type="int" >       22 </v>
 </varray>
 <kpoints>
  <generation param="Gamma">
   <v type="int" name="divisions">       3        3        1 </v>
   <v name="usershift">      0.00000000       0.00000000       0.00000000 </v>
   <v name="genvec1">      0.33333333       0.00000000       0.00000000 </v>
   <v name="genvec2">      0.00000000       0.33333333       0.00000000 </v>
   <v name="genvec3">      0.00000000       0.00000000       1.00000000 </v>
   <v name="shift">      0.00000000       0.00000000       0.00000000 </v>
  </generation>
  <varray name="kpointlist" >
   <v>       0.00000000       0.00000000       0.00000000 </v>
   <v>       0.33333333      -0.00000000       0.00000000 </v>
   <v>       0.33333333       0.33333333       0.00000000 </v>
   <v>      -0.33333333       0.33333333       0.00000000 </v>
  </varray>
  <varray name="weights" >
   <v>       0.11111111 </v>
   <v>       0.44444444 </v>
   <v>       0.22222222 </v>
   <v>       0.22222222 </v>
  </varray>
 </kpoints>
 <parameters>
  <separator name="general" >
   <i type="string" name="SYSTEM">HAT-Cu</i>
   <i type="logical" name="LCOMPAT"> F  </i>
  </separator>
  <separator name="electronic" >
   <i type="string" name="PREC">accura</i>
   <i name="ENMAX">    400.00000000</i>
   <i name="ENAUG">    644.87300000</i>
   <i name="EDIFF">      0.00010000</i>
   <i type="int" name="IALGO">    68</i>
   <i type="int" name="IWAVPR">    11</i>
   <i type="int" name="NBANDS">   126</i>
   <i name="NELECT">    201.00000000</i>
   <i type="int" name="TURBO">     0</i>
   <i type="int" name="IRESTART">     0</i>
   <i type="int" name="NREBOOT">     0</i>
   <i type="int" name="NMIN">     0</i>
   <i name="EREF">      0.00000000</i>
   <separator name="electronic smearing" >
    <i type="int" name="ISMEAR">     0</i>
    <i name="SIGMA">      0.05000000</i>
    <i name="KSPACING">      0.50000000</i>
    <i type="logical" name="KGAMMA"> T  </i>
   </separator>
   <separator name="electronic projectors" >
    <i type="logical" name="LREAL"> T  </i>
    <v name="ROPT">     -0.00025000     -0.00025000     -0.00025000     -0.00025000</v>
    <i type="int" name="LMAXPAW">  -100</i>
    <i type="int" name="LMAXMIX">     2</i>
    <i type="logical" name="NLSPLINE"> F  </i>
   </separator>
   <separator name="electronic startup" >
    <i type="int" name="ISTART">     1</i>
    <i type="int" name="ICHARG">     0</i>
    <i type="int" name="INIWAV">     1</i>
   </separator>
   <separator name="electronic spin" >
    <i type="int" name="ISPIN">     1</i>
    <i type="logical" name="LNONCOLLINEAR"> F  </i>
    <v name="MAGMOM">      1.00000000      1.00000000      1.00000000      1.00000000      1.00000000      1.00000000      1.00000000      1.00000000      1.00000000      1.00000000      1.00000000      1.00000000      1.00000000      1.00000000      1.00000000      1.00000000      1.00000000      1.00000000      1.00000000      1.00000000
      1.00000000      1.00000000      1.00000000      1.00000000      1.00000000      1.00000000      1.00000000      1.00000000      1.00000000      1.00000000      1.00000000      1.00000000      1.00000000      1.00000000      1.00000000      1.00000000      1.00000000      1.00000000      1.00000000      1.00000000
      1.00000000      1.00000000      1.00000000      1.00000000      1.00000000      1.00000000      1.00000000      1.00000000      1.00000000      1.00000000      1.00000000</v>
    <i name="NUPDOWN">     -1.00000000</i>
    <i type="logical" name="LSORBIT"> F  </i>
    <v name="SAXIS">      0.00000000      0.00000000      1.00000000</v>
    <i type="logical" name="LSPIRAL"> F  </i>
    <v name="QSPIRAL">      0.00000000      0.00000000      0.00000000</v>
    <i type="logical" name="LZEROZ"> F  </i>
   </separator>
   <separator name="electronic exchange-correlation" >
    <i type="logical" name="LASPH"> F  </i>
    <i type="logical" name="LMETAGGA"> F  </i>
   </separator>
   <separator name="electronic convergence" >
    <i type="int" name="NELM">    60</i>
    <i type="int" name="NELMDL">     0</i>
    <i type="int" name="NELMIN">     2</i>
    <i name="ENINI">    400.00000000</i>
    <separator name="electronic convergence detail" >
     <i type="logical" name="LDIAG"> T  </i>
     <i type="logical" name="LSUBROT"> F  </i>
     <i name="WEIMIN">      0.00100000</i>
     <i name="EBREAK">      0.00000020</i>
     <i name="DEPER">      0.30000000</i>
     <i type="int" name="NRMM">     4</i>
     <i name="TIME">      0.40000000</i>
    </separator>
   </separator>
   <separator name="electronic mixer" >
    <i name="AMIX">      0.40000000</i>
    <i name="BMIX">      1.00000000</i>
    <i name="AMIN">      0.10000000</i>
    <i name="AMIX_MAG">      1.60000000</i>
    <i name="BMIX_MAG">      1.00000000</i>
    <separator name="electronic mixer details" >
     <i type="int" name="IMIX">     4</i>
     <i type="logical" name="MIXFIRST"> F  </i>
     <i type="int" name="MAXMIX">   -45</i>
     <i name="WC">    100.00000000</i>
     <i type="int" name="INIMIX">     1</i>
     <i type="int" name="MIXPRE">     1</i>
     <i type="int" name="MREMOVE">     5</i>
    </separator>
   </separator>
   <separator name="electronic dipolcorrection" >
    <i type="logical" name="LDIPOL"> F  </i>
    <i type="logical" name="LMONO"> F  </i>
    <i type="int" name="IDIPOL">     0</i>
    <i name="EPSILON">      1.00000000</i>
    <v name="DIPOL">   -100.00000000   -100.00000000   -100.00000000</v>
    <i name="EFIELD">      0.00000000</i>
   </separator>
  </separator>
  <separator name="grids" >
   <i type="int" name="NGX">    96</i>
   <i type="int" name="NGY">    96</i>
   <i type="int" name="NGZ">    98</i>
   <i type="int" name="NGXF">   192</i>
   <i type="int" name="NGYF">   192</i>
   <i type="int" name="NGZF">   196</i>
   <i type="logical" name="ADDGRID"> T  </i>
  </separator>
  <separator name="ionic" >
   <i type="int" name="NSW">    50</i>
   <i type="int" name="IBRION">     2</i>
   <i type="int" name="MDALGO">     0</i>
   <i type="int" name="ISIF">     3</i>
   <i name="PSTRESS">      0.00000000</i>
   <i name="EDIFFG">     -0.01000000</i>
   <i type="int" name="NFREE">     1</i>
   <i name="POTIM">      0.50000000</i>
   <i name="SMASS">     -3.00000000</i>
   <i name="SCALEE">      1.00000000</i>
  </separator>
  <separator name="ionic md" >
   <i name="TEBEG">      0.00010000</i>
   <i name="TEEND">      0.00010000</i>
   <i type="int" name="NBLOCK">     1</i>
   <i type="int" name="KBLOCK">    50</i>
   <i type="int" name="NPACO">   256</i>
   <i name="APACO">     16.00000000</i>
  </separator>
  <separator name="symmetry" >
   <i type="int" name="ISYM">     2</i>
   <i name="SYMPREC">      0.00001000</i>
  </separator>
  <separator name="dos" >
   <i type="int" name="LORBIT">     0</i>
   <v name="RWIGS">     -1.00000000     -1.00000000     -1.00000000     -1.00000000</v>
   <i type="int" name="NEDOS">   301</i>
   <i name="EMIN">     10.00000000</i>
   <i name="EMAX">    -10.00000000</i>
   <i name="EFERMI">      0.00000000</i>
  </separator>
  <separator name="writing" >
   <i type="int" name="NWRITE">     2</i>
   <i type="logical" name="LWAVE"> T  </i>
   <i type="logical" name="LDOWNSAMPLE"> F  </i>
   <i type="logical" name="LCHARG"> T  </i>
   <i type="logical" name="LPARD"> F  </i>
   <i type="logical" name="LVTOT"> F  </i>
   <i type="logical" name="LVHAR"> F  </i>
   <i type="logical" name="LELF"> F  </i>
   <i type="logical" name="LOPTICS"> F  </i>
   <v name="STM">      0.00000000      0.00000000      0.00000000      0.00000000      0.00000000      0.00000000      0.00000000</v>
  </separator>
  <separator name="performance" >
   <i type="int" name="NPAR">     6</i>
   <i type="int" name="NSIM">     4</i>
   <i type="int" name="NBLK">    -1</i>
   <i type="logical" name="LPLANE"> T  </i>
   <i type="logical" name="LSCALAPACK"> T  </i>
   <i type="logical" name="LSCAAWARE"> F  </i>
   <i type="logical" name="LSCALU"> F  </i>
   <i type="logical" name="LASYNC"> F  </i>
   <i type="logical" name="LORBITALREAL"> F  </i>
  </separator>
  <separator name="miscellaneous" >
   <i type="int" name="IDIOT">     3</i>
   <i type="int" name="ISPECIAL">     0</i>
   <i type="logical" name="LMUSIC"> F  </i>
   <v name="POMASS">     12.01100000     63.54600000      1.00000000     14.00100000</v>
   <v name="DARWINR">      0.00000000      0.00000000      0.00000000      0.00000000</v>
   <v name="DARWINV">      1.00000000      1.00000000      1.00000000      1.00000000</v>
   <i type="logical" name="LCORR"> T  </i>
  </separator>
  <i type="logical" name="GGA_COMPAT"> T  </i>
  <i type="logical" name="LBERRY"> F  </i>
  <i type="int" name="ICORELEVEL">     0</i>
  <i type="logical" name="LDAU"> F  </i>
  <i type="int" name="I_CONSTRAINED_M">     0</i>
  <separator name="electronic exchange-correlation" >
   <i type="string" name="GGA">--</i>
   <i type="int" name="VOSKOWN">     0</i>
   <i type="logical" name="LHFCALC"> F  </i>
   <i type="string" name="PRECFOCK"></i>
   <i type="logical" name="LSYMGRAD"> F  </i>
   <i type="logical" name="LHFONE"> F  </i>
   <i type="logical" name="LRHFCALC"> F  </i>
   <i type="logical" name="LTHOMAS"> F  </i>
   <i type="logical" name="LMODELHF"> F  </i>
   <i name="ENCUT4O">     -1.00000000</i>
   <i type="int" name="EXXOEP">     0</i>
   <i type="int" name="FOURORBIT">     0</i>
   <i name="AEXX">      0.00000000</i>
   <i name="HFALPHA">      0.00000000</i>
   <i name="MCALPHA">      0.00000000</i>
   <i name="ALDAX">      1.00000000</i>
   <i name="AGGAX">      1.00000000</i>
   <i name="ALDAC">      1.00000000</i>
   <i name="AGGAC">      1.00000000</i>
   <i type="int" name="NKREDX">     1</i>
   <i type="int" name="NKREDY">     1</i>
   <i type="int" name="NKREDZ">     1</i>
   <i type="logical" name="SHIFTRED"> F  </i>
   <i type="logical" name="ODDONLY"> F  </i>
   <i type="logical" name="EVENONLY"> F  </i>
   <i type="int" name="LMAXFOCK">     0</i>
   <i type="int" name="NMAXFOCKAE">     0</i>
   <i type="logical" name="LFOCKAEDFT"> F  </i>
   <i name="HFSCREEN">      0.00000000</i>
   <i name="HFSCREENC">      0.00000000</i>
   <i type="int" name="NBANDSGWLOW">     0</i>
  </separator>
  <separator name="vdW DFT" >
   <i type="logical" name="LUSE_VDW"> F  </i>
   <i name="Zab_VDW">     -0.84910000</i>
   <i name="PARAM1">      0.12340000</i>
   <i name="PARAM2">      1.00000000</i>
   <i name="PARAM3">      0.00000000</i>
  </separator>
  <separator name="model GW" >
   <i type="int" name="MODEL_GW">     0</i>
   <i name="MODEL_EPS0">     30.24765944</i>
   <i name="MODEL_ALPHA">      1.00000000</i>
  </separator>
  <separator name="linear response parameters" >
   <i type="logical" name="LEPSILON"> F  </i>
   <i type="logical" name="LRPA"> F  </i>
   <i type="logical" name="LNABLA"> F  </i>
   <i type="logical" name="LVEL"> F  </i>
   <i type="int" name="KINTER">     0</i>
   <i name="CSHIFT">      0.10000000</i>
   <i name="OMEGAMAX">     -1.00000000</i>
   <i name="DEG_THRESHOLD">      0.00200000</i>
   <i name="RTIME">     -0.10000000</i>
   <i name="WPLASMAI">      0.00000000</i>
   <v name="DFIELD">      0.00000000      0.00000000      0.00000000</v>
   <v name="WPLASMA">      0.00000000      0.00000000      0.00000000      0.00000000      0.00000000      0.00000000      0.00000000      0.00000000      0.00000000</v>
  </separator>
  <separator name="orbital magnetization" >
   <i type="logical" name="NUCIND"> F  </i>
   <v name="MAGPOS">      0.00000000      0.00000000      0.00000000</v>
   <i type="logical" name="LNICSALL"> T  </i>
   <i type="logical" name="ORBITALMAG"> F  </i>
   <i type="logical" name="LMAGBLOCH"> F  </i>
   <i type="logical" name="LCHIMAG"> F  </i>
   <i type="logical" name="LGAUGE"> T  </i>
   <i type="int" name="MAGATOM">     0</i>
   <v name="MAGDIPOL">      0.00000000      0.00000000      0.00000000</v>
   <v name="AVECCONST">      0.00000000      0.00000000      0.00000000</v>
  </separator>
  <separator name="response functions" >
   <i type="logical" name="LADDER"> F  </i>
   <i type="logical" name="LRPAFORCE"> F  </i>
   <i type="logical" name="LFXC"> F  </i>
   <i type="logical" name="LHARTREE"> T  </i>
   <i type="int" name="IBSE">     0</i>
   <v type="int" name="KPOINT">    -1     0     0     0</v>
   <i type="logical" name="LTCTE"> F  </i>
   <i type="logical" name="LTETE"> F  </i>
   <i type="logical" name="LTRIPLET"> F  </i>
   <i type="logical" name="LFXCEPS"> F  </i>
   <i type="logical" name="LFXHEG"> F  </i>
   <i type="int" name="NATURALO">     2</i>
   <i type="logical" name="L2ORDER"> F  </i>
   <i type="logical" name="LMP2LT"> F  </i>
   <i type="logical" name="LUSEW"> F  </i>
   <i name="ENCUTGW">     -2.00000000</i>
   <i name="ENCUTGWSOFT">     -2.00000000</i>
   <i name="ENCUTLF">     -1.00000000</i>
   <i type="int" name="LMAXMP2">    -1</i>
   <i name="SCISSOR">      0.00000000</i>
   <i type="int" name="NOMEGA">     0</i>
   <i type="int" name="NOMEGAR">     0</i>
   <i type="int" name="NBANDSGW">    -1</i>
   <i type="int" name="NBANDSO">    -1</i>
   <i type="int" name="NBANDSV">    -1</i>
   <i type="int" name="NELM">    60</i>
   <i type="int" name="NELMHF">     1</i>
   <i type="int" name="DIM">     3</i>
   <i type="int" name="ANTIRES">     0</i>
   <i name="OMEGAMAX">    -30.00000000</i>
   <i name="OMEGAMIN">    -30.00000000</i>
   <i name="OMEGATL">   -200.00000000</i>
   <i type="int" name="OMEGAGRID">   140</i>
   <i name="CSHIFT">     -0.10000000</i>
   <i type="logical" name="SELFENERGY"> F  </i>
   <i type="logical" name="LSPECTRAL"> F  </i>
   <i type="logical" name="LSPECTRALGW"> F  </i>
   <i type="logical" name="LSINGLES"> F  </i>
   <i type="logical" name="LFERMIGW"> F  </i>
   <i type="logical" name="ODDONLYGW"> F  </i>
   <i type="logical" name="EVENONLYGW"> F  </i>
   <i type="int" name="NKREDLFX">     1</i>
   <i type="int" name="NKREDLFY">     1</i>
   <i type="int" name="NKREDLFZ">     1</i>
   <i type="int" name="MAXMEM">  2800</i>
   <i type="int" name="TELESCOPE">     0</i>
   <i type="int" name="TAUPAR">     1</i>
   <i type="int" name="OMEGAPAR">    -1</i>
   <i name="LAMBDA">      1.00000000</i>
  </separator>
  <separator name="External order field" >
   <i name="OFIELD_KAPPA">      0.00000000</i>
   <v name="OFIELD_K">      0.00000000      0.00000000      0.00000000</v>
   <i name="OFIELD_Q6_NEAR">      0.00000000</i>
   <i name="OFIELD_Q6_FAR">      0.00000000</i>
   <i name="OFIELD_A">      0.00000000</i>
  </separator>
  <separator name="solvation model" >
   <i type="logical" name="LSOL"> F  </i>
  </separator>
 </parameters>
 <atominfo>
  <atoms>      51 </atoms>
  <types>       4 </types>
  <array name="atoms" >
   <dimension dim="1">ion</dimension>
   <field type="string">element</field>
   <field type="int">atomtype</field>
   <set>
    <rc><c>C </c><c>   1</c></rc>
    <rc><c>C </c><c>   1</c></rc>
    <rc><c>C </c><c>   1</c></rc>
    <rc><c>C </c><c>   1</c></rc>
    <rc><c>C </c><c>   1</c></rc>
    <rc><c>C </c><c>   1</c></rc>
    <rc><c>C </c><c>   1</c></rc>
    <rc><c>C </c><c>   1</c></rc>
    <rc><c>C </c><c>   1</c></rc>
    <rc><c>C </c><c>   1</c></rc>
    <rc><c>C </c><c>   1</c></rc>
    <rc><c>C </c><c>   1</c></rc>
    <rc><c>C </c><c>   1</c></rc>
    <rc><c>C </c><c>   1</c></rc>
    <rc><c>C </c><c>   1</c></rc>
    <rc><c>C </c><c>   1</c></rc>
    <rc><c>C </c><c>   1</c></rc>
    <rc><c>C </c><c>   1</c></rc>
    <rc><c>C </c><c>   1</c></rc>
    <rc><c>C </c><c>   1</c></rc>
    <rc><c>C </c><c>   1</c></rc>
    <rc><c>C </c><c>   1</c></rc>
    <rc><c>C </c><c>   1</c></rc>
    <rc><c>C </c><c>   1</c></rc>
    <rc><c>Cu</c><c>   2</c></rc>
    <rc><c>Cu</c><c>   2</c></rc>
    <rc><c>Cu</c><c>   2</c></rc>
    <rc><c>H </c><c>   3</c></rc>
    <rc><c>H </c><c>   3</c></rc>
    <rc><c>H </c><c>   3</c></rc>
    <rc><c>H </c><c>   3</c></rc>
    <rc><c>H </c><c>   3</c></rc>
    <rc><c>H </c><c>   3</c></rc>
    <rc><c>H </c><c>   3</c></rc>
    <rc><c>H </c><c>   3</c></rc>
    <rc><c>H </c><c>   3</c></rc>
    <rc><c>H </c><c>   3</c></rc>
    <rc><c>H </c><c>   3</c></rc>
    <rc><c>H </c><c>   3</c></rc>
    <rc><c>N </c><c>   4</c></rc>
    <rc><c>N </c><c>   4</c></rc>
    <rc><c>N </c><c>   4</c></rc>
    <rc><c>N </c><c>   4</c></rc>
    <rc><c>N </c><c>   4</c></rc>
    <rc><c>N </c><c>   4</c></rc>
    <rc><c>N </c><c>   4</c></rc>
    <rc><c>N </c><c>   4</c></rc>
    <rc><c>N </c><c>   4</c></rc>
    <rc><c>N </c><c>   4</c></rc>
    <rc><c>N </c><c>   4</c></rc>
    <rc><c>N </c><c>   4</c></rc>
   </set>
  </array>
  <array name="atomtypes" >
   <dimension dim="1">type</dimension>
   <field type="int">atomspertype</field>
   <field type="string">element</field>
   <field>mass</field>
   <field>valence</field>
   <field type="string">pseudopotential</field>
   <set>
    <rc><c>  24</c><c>C </c><c>     12.01100000</c><c>      4.00000000</c><c>  PAW_PBE C 08Apr2002                   </c></rc>
    <rc><c>   3</c><c>Cu</c><c>     63.54600000</c><c>     11.00000000</c><c>  PAW_PBE Cu 22Jun2005                  </c></rc>
    <rc><c>  12</c><c>H </c><c>      1.00000000</c><c>      1.00000000</c><c>  PAW_PBE H 15Jun2001                   </c></rc>
    <rc><c>  12</c><c>N </c><c>     14.00100000</c><c>      5.00000000</c><c>  PAW_PBE N 08Apr2002                   </c></rc>
   </set>
  </array>
 </atominfo>
 <structure name="initialpos" >
  <crystal>
   <varray name="basis" >
    <v>      12.20429048      -7.02226007       0.00000000 </v>
    <v>      12.20429048       7.02226007       0.00000000 </v>
    <v>       0.00000000       0.00000000      15.00000000 </v>
   </varray>
   <i name="volume">   2571.05105243 </i>
   <varray name="rec_basis" >
    <v>       0.04096920      -0.07120215       0.00000000 </v>
    <v>       0.04096920       0.07120215       0.00000000 </v>
    <v>       0.00000000       0.00000000       0.06666667 </v>
   </varray>
  </crystal>
  <varray name="positions" >
   <v>       0.26096806       0.35891121       0.00000000 </v>
   <v>       0.35891121       0.26096806       0.00000000 </v>
   <v>       0.64049792       0.12145451       0.00000000 </v>
   <v>       0.26691415       0.16682066       0.00000000 </v>
   <v>       0.83284659       0.93472247       0.00000000 </v>
   <v>       0.35950453       0.87854604       0.00000000 </v>
   <v>       0.73826380       0.12130437       0.00000000 </v>
   <v>       0.26706703       0.06511905       0.00000000 </v>
   <v>       0.93472247       0.83284659       0.00000000 </v>
   <v>       0.26173902       0.87869574       0.00000000 </v>
   <v>       0.12130437       0.73826380       0.00000000 </v>
   <v>       0.73293076       0.93487969       0.00000000 </v>
   <v>       0.16715113       0.06527556       0.00000000 </v>
   <v>       0.87869574       0.26173902       0.00000000 </v>
   <v>       0.12145451       0.64049792       0.00000000 </v>
   <v>       0.06527556       0.16715113       0.00000000 </v>
   <v>       0.83317811       0.73308342       0.00000000 </v>
   <v>       0.87854604       0.35950453       0.00000000 </v>
   <v>       0.73903198       0.64108896       0.00000000 </v>
   <v>       0.06511905       0.26706703       0.00000000 </v>
   <v>       0.73308342       0.83317811       0.00000000 </v>
   <v>       0.64108896       0.73903198       0.00000000 </v>
   <v>       0.93487969       0.73293076       0.00000000 </v>
   <v>       0.16682066       0.26691415       0.00000000 </v>
   <v>       0.00000057       0.00000057       0.00000000 </v>
   <v>       0.00000225       0.49999734       0.00000000 </v>
   <v>       0.49999734       0.00000225       0.00000000 </v>
   <v>       0.56572100       0.73608874       0.00000000 </v>
   <v>       0.26391082       0.43428023       0.00000000 </v>
   <v>       0.43428023       0.26391082       0.00000000 </v>
   <v>       0.73608874       0.56572100       0.00000000 </v>
   <v>       0.56502918       0.20007382       0.00000000 </v>
   <v>       0.43497333       0.79992670       0.00000000 </v>
   <v>       0.73505630       0.19976295       0.00000000 </v>
   <v>       0.26494764       0.80023768       0.00000000 </v>
   <v>       0.79992670       0.43497333       0.00000000 </v>
   <v>       0.19976295       0.73505630       0.00000000 </v>
   <v>       0.80023768       0.26494764       0.00000000 </v>
   <v>       0.20007382       0.56502918       0.00000000 </v>
   <v>       0.63324134       0.83933504       0.00000000 </v>
   <v>       0.97110969       0.36698413       0.00000000 </v>
   <v>       0.83933504       0.63324134       0.00000000 </v>
   <v>       0.16066661       0.36675515       0.00000000 </v>
   <v>       0.02889189       0.63301602       0.00000000 </v>
   <v>       0.02855110       0.83860872       0.00000000 </v>
   <v>       0.36698413       0.97110969       0.00000000 </v>
   <v>       0.83860872       0.02855110       0.00000000 </v>
   <v>       0.36675515       0.16066661       0.00000000 </v>
   <v>       0.63301602       0.02889189       0.00000000 </v>
   <v>       0.97144577       0.16139122       0.00000000 </v>
   <v>       0.16139122       0.97144577       0.00000000 </v>
  </varray>
 </structure>
 <calculation>
  <scstep>
   <time name="dav">    4.08    4.17</time>
   <time name="total">    4.56    4.66</time>
   <energy>
    <i name="alphaZ">     76.62691465 </i>
    <i name="ewald">  18169.00715362 </i>
    <i name="hartreedc"> -27825.01755552 </i>
    <i name="XCdc">    742.37627834 </i>
    <i name="pawpsdc">  20447.29570990 </i>
    <i name="pawaedc"> -20804.41317316 </i>
    <i name="eentropy">     -0.03284819 </i>
    <i name="bandstr">  -2199.29867042 </i>
    <i name="atom">  11027.36991446 </i>
    <i name="e_fr_energy">   -366.08627632 </i>
    <i name="e_wo_entrp">   -366.05342813 </i>
    <i name="e_0_energy">   -366.06985223 </i>
   </energy>
  </scstep>
  <scstep>
   <time name="diag">    0.53    0.54</time>
   <time name="diis">    2.50    2.52</time>
   <time name="orth">    0.39    0.39</time>
   <time name="total">    3.86    3.90</time>
   <energy>
    <i name="e_fr_energy">   -380.03116041 </i>
    <i name="e_wo_entrp">   -380.00636816 </i>
    <i name="e_0_energy">   -380.01876428 </i>
   </energy>
  </scstep>
  <scstep>
   <time name="diag">    0.52    0.53</time>
   <time name="diis">    2.28    2.31</time>
   <time name="orth">    0.30    0.30</time>
   <time name="total">    3.55    3.60</time>
   <energy>
    <i name="e_fr_energy">   -372.58547145 </i>
    <i name="e_wo_entrp">   -372.56937915 </i>
    <i name="e_0_energy">   -372.57742530 </i>
   </energy>
  </scstep>
  <scstep>
   <time name="diag">    0.55    0.56</time>
   <time name="diis">    2.36    2.38</time>
   <time name="orth">    0.35    0.35</time>
   <time name="total">    3.73    3.77</time>
   <energy>
    <i name="e_fr_energy">   -367.74766274 </i>
    <i name="e_wo_entrp">   -367.72995174 </i>
    <i name="e_0_energy">   -367.73880724 </i>
   </energy>
  </scstep>
  <scstep>
   <time name="diag">    0.53    0.54</time>
   <time name="diis">    2.58    2.60</time>
   <time name="orth">    0.28    0.28</time>
   <time name="total">    3.86    3.90</time>
   <energy>
    <i name="e_fr_energy">   -366.50615026 </i>
    <i name="e_wo_entrp">   -366.43059400 </i>
    <i name="e_0_energy">   -366.46837213 </i>
   </energy>
  </scstep>
  <scstep>
   <time name="diag">    0.52    0.53</time>
   <time name="diis">    2.67    2.70</time>
   <time name="orth">    0.17    0.17</time>
   <time name="total">    3.82    3.87</time>
   <energy>
    <i name="e_fr_energy">   -366.10521687 </i>
    <i name="e_wo_entrp">   -366.08665170 </i>
    <i name="e_0_energy">   -366.09593428 </i>
   </energy>
  </scstep>
  <scstep>
   <time name="diag">    0.53    0.54</time>
   <time name="diis">    2.57    2.59</time>
   <time name="orth">    0.20    0.21</time>
   <time name="total">    3.77    3.82</time>
   <energy>
    <i name="e_fr_energy">   -365.94955795 </i>
    <i name="e_wo_entrp">   -365.91490555 </i>
    <i name="e_0_energy">   -365.93223175 </i>
   </energy>
  </scstep>
  <scstep>
   <time name="diag">    0.52    0.53</time>
   <time name="diis">    2.44    2.47</time>
   <time name="orth">    0.35    0.35</time>
   <time name="total">    3.79    3.83</time>
   <energy>
    <i name="e_fr_energy">   -365.88735295 </i>
    <i name="e_wo_entrp">   -365.85115391 </i>
    <i name="e_0_energy">   -365.86925343 </i>
   </energy>
  </scstep>
  <scstep>
   <time name="diag">    0.52    0.53</time>
   <time name="diis">    2.55    2.57</time>
   <time name="orth">    0.37    0.37</time>
   <time name="total">    3.90    3.94</time>
   <energy>
    <i name="e_fr_energy">   -365.80045045 </i>
    <i name="e_wo_entrp">   -365.76382877 </i>
    <i name="e_0_energy">   -365.78213961 </i>
   </energy>
  </scstep>
  <scstep>
   <time name="diag">    0.53    0.54</time>
   <time name="diis">    2.26    2.28</time>
   <time name="orth">    0.23    0.23</time>
   <time name="total">    3.49    3.52</time>
   <energy>
    <i name="e_fr_energy">   -365.75061507 </i>
    <i name="e_wo_entrp">   -365.71308154 </i>
    <i name="e_0_energy">   -365.73184830 </i>
   </energy>
  </scstep>
  <scstep>
   <time name="diag">    0.52    0.53</time>
   <time name="diis">    2.47    2.55</time>
   <time name="orth">    0.24    0.24</time>
   <time name="total">    3.70    3.79</time>
   <energy>
    <i name="e_fr_energy">   -365.76722254 </i>
    <i name="e_wo_entrp">   -365.73582859 </i>
    <i name="e_0_energy">   -365.75152556 </i>
   </energy>
  </scstep>
  <scstep>
   <time name="diag">    0.53    0.54</time>
   <time name="diis">    2.22    2.24</time>
   <time name="orth">    0.23    0.23</time>
   <time name="total">    3.44    3.48</time>
   <energy>
    <i name="e_fr_energy">   -365.76792294 </i>
    <i name="e_wo_entrp">   -365.73291735 </i>
    <i name="e_0_energy">   -365.75042015 </i>
   </energy>
  </scstep>
  <scstep>
   <time name="diag">    0.52    0.53</time>
   <time name="diis">    2.12    2.14</time>
   <time name="orth">    0.32    0.32</time>
   <time name="total">    3.43    3.46</time>
   <energy>
    <i name="e_fr_energy">   -365.76175446 </i>
    <i name="e_wo_entrp">   -365.72432224 </i>
    <i name="e_0_energy">   -365.74303835 </i>
   </energy>
  </scstep>
  <scstep>
   <time name="diag">    0.54    0.55</time>
   <time name="diis">    1.80    1.82</time>
   <time name="orth">    0.20    0.20</time>
   <time name="total">    2.99    3.02</time>
   <energy>
    <i name="e_fr_energy">   -365.74119150 </i>
    <i name="e_wo_entrp">   -365.70333594 </i>
    <i name="e_0_energy">   -365.72226372 </i>
   </energy>
  </scstep>
  <scstep>
   <time name="diag">    0.54    0.55</time>
   <time name="diis">    1.73    1.75</time>
   <time name="orth">    0.20    0.21</time>
   <time name="total">    2.94    2.97</time>
   <energy>
    <i name="e_fr_energy">   -365.74015980 </i>
    <i name="e_wo_entrp">   -365.70346232 </i>
    <i name="e_0_energy">   -365.72181106 </i>
   </energy>
  </scstep>
  <scstep>
   <time name="diag">    0.52    0.53</time>
   <time name="diis">    1.55    1.56</time>
   <time name="orth">    0.26    0.26</time>
   <time name="total">    2.79    2.82</time>
   <energy>
    <i name="e_fr_energy">   -365.74575663 </i>
    <i name="e_wo_entrp">   -365.70886516 </i>
    <i name="e_0_energy">   -365.72731089 </i>
   </energy>
  </scstep>
  <scstep>
   <time name="diag">    0.52    0.53</time>
   <time name="diis">    1.74    1.76</time>
   <time name="orth">    0.26    0.26</time>
   <time name="total">    2.99    3.03</time>
   <energy>
    <i name="e_fr_energy">   -365.74832535 </i>
    <i name="e_wo_entrp">   -365.71538142 </i>
    <i name="e_0_energy">   -365.73185338 </i>
   </energy>
  </scstep>
  <scstep>
   <time name="diag">    0.52    0.53</time>
   <time name="diis">    1.77    1.79</time>
   <time name="orth">    0.32    0.32</time>
   <time name="total">    3.08    3.12</time>
   <energy>
    <i name="e_fr_energy">   -365.75089463 </i>
    <i name="e_wo_entrp">   -365.71547408 </i>
    <i name="e_0_energy">   -365.73318435 </i>
   </energy>
  </scstep>
  <scstep>
   <time name="diag">    0.53    0.53</time>
   <time name="diis">    1.71    1.72</time>
   <time name="orth">    0.37    0.37</time>
   <time name="total">    3.05    3.08</time>
   <energy>
    <i name="e_fr_energy">   -365.75006010 </i>
    <i name="e_wo_entrp">   -365.71732416 </i>
    <i name="e_0_energy">   -365.73369213 </i>
   </energy>
  </scstep>
  <scstep>
   <time name="diag">    0.53    0.54</time>
   <time name="diis">    1.71    1.73</time>
   <time name="orth">    0.31    0.31</time>
   <time name="total">    3.01    3.04</time>
   <energy>
    <i name="e_fr_energy">   -365.75175542 </i>
    <i name="e_wo_entrp">   -365.71650799 </i>
    <i name="e_0_energy">   -365.73413171 </i>
   </energy>
  </scstep>
  <scstep>
   <time name="diag">    0.53    0.54</time>
   <time name="diis">    1.68    1.70</time>
   <time name="orth">    0.39    0.40</time>
   <time name="total">    3.08    3.11</time>
   <energy>
    <i name="e_fr_energy">   -365.74645206 </i>
    <i name="e_wo_entrp">   -365.71218299 </i>
    <i name="e_0_energy">   -365.72931752 </i>
   </energy>
  </scstep>
  <scstep>
   <time name="diag">    0.53    0.54</time>
   <time name="diis">    1.63    1.65</time>
   <time name="orth">    0.46    0.46</time>
   <time name="total">    3.09    3.12</time>
   <energy>
    <i name="e_fr_energy">   -365.74923350 </i>
    <i name="e_wo_entrp">   -365.71362234 </i>
    <i name="e_0_energy">   -365.73142792 </i>
   </energy>
  </scstep>
  <scstep>
   <time name="diag">    0.53    0.54</time>
   <time name="diis">    1.62    1.63</time>
   <time name="orth">    0.20    0.20</time>
   <time name="total">    2.83    2.85</time>
   <energy>
    <i name="e_fr_energy">   -365.74379937 </i>
    <i name="e_wo_entrp">   -365.70833957 </i>
    <i name="e_0_energy">   -365.72606947 </i>
   </energy>
  </scstep>
  <scstep>
   <time name="diag">    0.53    0.53</time>
   <time name="diis">    1.58    1.60</time>
   <time name="orth">    0.28    0.28</time>
   <time name="total">    2.86    2.90</time>
   <energy>
    <i name="e_fr_energy">   -365.74662124 </i>
    <i name="e_wo_entrp">   -365.71060965 </i>
    <i name="e_0_energy">   -365.72861545 </i>
   </energy>
  </scstep>
  <scstep>
   <time name="diag">    0.52    0.53</time>
   <time name="diis">    1.57    1.58</time>
   <time name="orth">    0.26    0.26</time>
   <time name="total">    2.82    2.84</time>
   <energy>
    <i name="e_fr_energy">   -365.74231319 </i>
    <i name="e_wo_entrp">   -365.70622897 </i>
    <i name="e_0_energy">   -365.72427108 </i>
   </energy>
  </scstep>
  <scstep>
   <time name="diag">    0.52    0.53</time>
   <time name="diis">    1.53    1.54</time>
   <time name="orth">    0.51    0.51</time>
   <time name="total">    3.03    3.06</time>
   <energy>
    <i name="e_fr_energy">   -365.74428638 </i>
    <i name="e_wo_entrp">   -365.70797035 </i>
    <i name="e_0_energy">   -365.72612836 </i>
   </energy>
  </scstep>
  <scstep>
   <time name="diag">    0.52    0.53</time>
   <time name="diis">    1.52    1.54</time>
   <time name="orth">    0.35    0.35</time>
   <time name="total">    2.87    2.90</time>
   <energy>
    <i name="e_fr_energy">   -365.74147114 </i>
    <i name="e_wo_entrp">   -365.70507693 </i>
    <i name="e_0_energy">   -365.72327404 </i>
   </energy>
  </scstep>
  <scstep>
   <time name="diag">    0.53    0.54</time>
   <time name="diis">    1.50    1.52</time>
   <time name="orth">    0.29    0.29</time>
   <time name="total">    2.78    2.80</time>
   <energy>
    <i name="e_fr_energy">   -365.74255018 </i>
    <i name="e_wo_entrp">   -365.70603395 </i>
    <i name="e_0_energy">   -365.72429207 </i>
   </energy>
  </scstep>
  <scstep>
   <time name="diag">    0.53    0.54</time>
   <time name="diis">    1.47    1.48</time>
   <time name="orth">    0.09    0.09</time>
   <time name="total">    2.54    2.56</time>
   <energy>
    <i name="e_fr_energy">   -365.74105666 </i>
    <i name="e_wo_entrp">   -365.70454866 </i>
    <i name="e_0_energy">   -365.72280266 </i>
   </energy>
  </scstep>
  <scstep>
   <time name="diag">    0.52    0.53</time>
   <time name="diis">    1.43    1.45</time>
   <time name="orth">    0.15    0.15</time>
   <time name="total">    2.56    2.58</time>
   <energy>
    <i name="e_fr_energy">   -365.74155682 </i>
    <i name="e_wo_entrp">   -365.70495465 </i>
    <i name="e_0_energy">   -365.72325574 </i>
   </energy>
  </scstep>
  <scstep>
   <time name="diag">    0.53    0.53</time>
   <time name="diis">    1.40    1.41</time>
   <time name="orth">    0.19    0.19</time>
   <time name="total">    2.58    2.61</time>
   <energy>
    <i name="e_fr_energy">   -365.74084803 </i>
    <i name="e_wo_entrp">   -365.70426413 </i>
    <i name="e_0_energy">   -365.72255608 </i>
   </energy>
  </scstep>
  <scstep>
   <time name="diag">    0.52    0.53</time>
   <time name="diis">    1.37    1.38</time>
   <time name="orth">    0.17    0.17</time>
   <time name="total">    2.53    2.56</time>
   <energy>
    <i name="e_fr_energy">   -365.74100915 </i>
    <i name="e_wo_entrp">   -365.70438617 </i>
    <i name="e_0_energy">   -365.72269766 </i>
   </energy>
  </scstep>
  <scstep>
   <time name="diag">    0.52    0.53</time>
   <time name="diis">    1.36    1.37</time>
   <time name="orth">    0.33    0.33</time>
   <time name="total">    2.66    2.68</time>
   <energy>
    <i name="e_fr_energy">   -365.74077853 </i>
    <i name="e_wo_entrp">   -365.70414475 </i>
    <i name="e_0_energy">   -365.72246164 </i>
   </energy>
  </scstep>
  <scstep>
   <time name="diag">    0.52    0.53</time>
   <time name="diis">    1.31    1.32</time>
   <time name="orth">    0.14    0.14</time>
   <time name="total">    2.16    2.19</time>
   <energy>
    <i name="alphaZ">     76.62691465 </i>
    <i name="ewald">  18169.00715362 </i>
    <i name="hartreedc"> -27825.04445345 </i>
    <i name="XCdc">    742.37656707 </i>
    <i name="pawpsdc">  20447.39597901 </i>
    <i name="pawaedc"> -20804.52382061 </i>
    <i name="eentropy">     -0.03659954 </i>
    <i name="bandstr">  -2198.91242264 </i>
    <i name="atom">  11027.36991446 </i>
    <i name="e_fr_energy">   -365.74076742 </i>
    <i name="e_wo_entrp">   -365.70416788 </i>
    <i name="e_0_energy">   -365.72246765 </i>
   </energy>
  </scstep>
  <structure>
   <crystal>
    <varray name="basis" >
     <v>      12.20429048      -7.02226007       0.00000000 </v>
     <v>      12.20429048       7.02226007       0.00000000 </v>
     <v>       0.00000000       0.00000000      15.00000000 </v>
    </varray>
    <i name="volume">   2571.05105243 </i>
    <varray name="rec_basis" >
     <v>       0.04096920      -0.07120215       0.00000000 </v>
     <v>       0.04096920       0.07120215       0.00000000 </v>
     <v>       0.00000000       0.00000000       0.06666667 </v>
    </varray>
   </crystal>
   <varray name="positions" >
    <v>       0.26096806       0.35891121       0.00000000 </v>
    <v>       0.35891121       0.26096806       0.00000000 </v>
    <v>       0.64049792       0.12145451       0.00000000 </v>
    <v>       0.26691415       0.16682066       0.00000000 </v>
    <v>       0.83284659       0.93472247       0.00000000 </v>
    <v>       0.35950453       0.87854604       0.00000000 </v>
    <v>       0.73826380       0.12130437       0.00000000 </v>
    <v>       0.26706703       0.06511905       0.00000000 </v>
    <v>       0.93472247       0.83284659       0.00000000 </v>
    <v>       0.26173902       0.87869574       0.00000000 </v>
    <v>       0.12130437       0.73826380       0.00000000 </v>
    <v>       0.73293076       0.93487969       0.00000000 </v>
    <v>       0.16715113       0.06527556       0.00000000 </v>
    <v>       0.87869574       0.26173902       0.00000000 </v>
    <v>       0.12145451       0.64049792       0.00000000 </v>
    <v>       0.06527556       0.16715113       0.00000000 </v>
    <v>       0.83317811       0.73308342       0.00000000 </v>
    <v>       0.87854604       0.35950453       0.00000000 </v>
    <v>       0.73903198       0.64108896       0.00000000 </v>
    <v>       0.06511905       0.26706703       0.00000000 </v>
    <v>       0.73308342       0.83317811       0.00000000 </v>
    <v>       0.64108896       0.73903198       0.00000000 </v>
    <v>       0.93487969       0.73293076       0.00000000 </v>
    <v>       0.16682066       0.26691415       0.00000000 </v>
    <v>       0.00000057       0.00000057       0.00000000 </v>
    <v>       0.00000225       0.49999734       0.00000000 </v>
    <v>       0.49999734       0.00000225       0.00000000 </v>
    <v>       0.56572100       0.73608874       0.00000000 </v>
    <v>       0.26391082       0.43428023       0.00000000 </v>
    <v>       0.43428023       0.26391082       0.00000000 </v>
    <v>       0.73608874       0.56572100       0.00000000 </v>
    <v>       0.56502918       0.20007382       0.00000000 </v>
    <v>       0.43497333       0.79992670       0.00000000 </v>
    <v>       0.73505630       0.19976295       0.00000000 </v>
    <v>       0.26494764       0.80023768       0.00000000 </v>
    <v>       0.79992670       0.43497333       0.00000000 </v>
    <v>       0.19976295       0.73505630       0.00000000 </v>
    <v>       0.80023768       0.26494764       0.00000000 </v>
    <v>       0.20007382       0.56502918       0.00000000 </v>
    <v>       0.63324134       0.83933504       0.00000000 </v>
    <v>       0.97110969       0.36698413       0.00000000 </v>
    <v>       0.83933504       0.63324134       0.00000000 </v>
    <v>       0.16066661       0.36675515       0.00000000 </v>
    <v>       0.02889189       0.63301602       0.00000000 </v>
    <v>       0.02855110       0.83860872       0.00000000 </v>
    <v>       0.36698413       0.97110969       0.00000000 </v>
    <v>       0.83860872       0.02855110       0.00000000 </v>
    <v>       0.36675515       0.16066661       0.00000000 </v>
    <v>       0.63301602       0.02889189       0.00000000 </v>
    <v>       0.97144577       0.16139122       0.00000000 </v>
    <v>       0.16139122       0.97144577       0.00000000 </v>
   </varray>
  </structure>
  <varray name="forces" >
   <v>      -0.00015495      -0.00278078      -0.00000000 </v>
   <v>      -0.00015495       0.00278078       0.00000000 </v>
   <v>       0.00023913       0.00484839       0.00000000 </v>
   <v>       0.00084209       0.00137385       0.00000000 </v>
   <v>       0.00146847       0.00000749      -0.00000000 </v>
   <v>      -0.00023913      -0.00484839      -0.00000000 </v>
   <v>       0.00229147       0.00344086       0.00000000 </v>
   <v>      -0.00130342      -0.00216778       0.00000000 </v>
   <v>       0.00146847      -0.00000749       0.00000000 </v>
   <v>      -0.00229147      -0.00344086      -0.00000000 </v>
   <v>       0.00229147      -0.00344086      -0.00000000 </v>
   <v>       0.00130342       0.00216778      -0.00000000 </v>
   <v>      -0.00146847      -0.00000749      -0.00000000 </v>
   <v>      -0.00229147       0.00344086      -0.00000000 </v>
   <v>       0.00023913      -0.00484839      -0.00000000 </v>
   <v>      -0.00146847       0.00000749       0.00000000 </v>
   <v>      -0.00084209       0.00137385      -0.00000000 </v>
   <v>      -0.00023913       0.00484839      -0.00000000 </v>
   <v>       0.00015495       0.00278078       0.00000000 </v>
   <v>      -0.00130342       0.00216778       0.00000000 </v>
   <v>      -0.00084209      -0.00137385       0.00000000 </v>
   <v>       0.00015495      -0.00278078      -0.00000000 </v>
   <v>       0.00130342      -0.00216778       0.00000000 </v>
   <v>       0.00084209      -0.00137385      -0.00000000 </v>
   <v>      -0.00000000       0.00000000       0.00000000 </v>
   <v>      -0.00000000       0.00000000       0.00000000 </v>
   <v>      -0.00000000       0.00000000       0.00000000 </v>
   <v>       0.00162178      -0.00226498       0.00000000 </v>
   <v>      -0.00162178      -0.00226498      -0.00000000 </v>
   <v>      -0.00162178       0.00226498       0.00000000 </v>
   <v>       0.00162178       0.00226498      -0.00000000 </v>
   <v>       0.00323011       0.00644769       0.00000000 </v>
   <v>      -0.00323011      -0.00644769      -0.00000000 </v>
   <v>      -0.00264341       0.00282498      -0.00000000 </v>
   <v>       0.00264341      -0.00282498      -0.00000000 </v>
   <v>      -0.00323011       0.00644769       0.00000000 </v>
   <v>      -0.00264341      -0.00282498       0.00000000 </v>
   <v>       0.00264341       0.00282498      -0.00000000 </v>
   <v>       0.00323011      -0.00644769       0.00000000 </v>
   <v>      -0.00357389      -0.00160683      -0.00000000 </v>
   <v>      -0.00312621       0.00564336      -0.00000000 </v>
   <v>      -0.00357389       0.00160683       0.00000000 </v>
   <v>       0.00357389      -0.00160683       0.00000000 </v>
   <v>       0.00312621      -0.00564336       0.00000000 </v>
   <v>       0.00048966      -0.00400525      -0.00000000 </v>
   <v>      -0.00312621      -0.00564336       0.00000000 </v>
   <v>       0.00048966       0.00400525       0.00000000 </v>
   <v>       0.00357389       0.00160683       0.00000000 </v>
   <v>       0.00312621       0.00564336       0.00000000 </v>
   <v>      -0.00048966       0.00400525      -0.00000000 </v>
   <v>      -0.00048966      -0.00400525       0.00000000 </v>
  </varray>
  <varray name="stress" >
   <v>       0.15894724       0.00000000       0.00000000 </v>
   <v>       0.00000000       0.14865304       0.00000000 </v>
   <v>       0.00000000       0.00000000      -6.55826383 </v>
  </varray>
  <energy>
   <i name="e_fr_energy">   -367.25817087 </i>
   <i name="e_wo_entrp">   -367.23987110 </i>
   <i name="e_0_energy">     -0.03659954 </i>
  </energy>
  <time name="totalsc">  119.31  120.74</time>
  <eigenvalues>
   <array>
    <dimension dim="1">band</dimension>
    <dimension dim="2">kpoint</dimension>
    <dimension dim="3">spin</dimension>
    <field>eigene</field>
    <field>occ</field>
    <set>
     <set comment="spin 1">
      <set comment="kpoint 1">
       <r>  -23.8267    1.0000 </r>
       <r>  -23.7883    1.0000 </r>
       <r>  -23.2396    1.0000 </r>
       <r>  -23.2375    1.0000 </r>
       <r>  -23.2356    1.0000 </r>
       <r>  -23.2327    1.0000 </r>
       <r>  -21.8006    1.0000 </r>
       <r>  -21.7979    1.0000 </r>
       <r>  -21.7805    1.0000 </r>
       <r>  -21.7794    1.0000 </r>
       <r>  -21.2353    1.0000 </r>
       <r>  -21.1708    1.0000 </r>
       <r>  -19.8660    1.0000 </r>
       <r>  -19.7922    1.0000 </r>
       <r>  -17.9673    1.0000 </r>
       <r>  -17.9673    1.0000 </r>
       <r>  -17.9294    1.0000 </r>
       <r>  -17.9281    1.0000 </r>
       <r>  -16.6514    1.0000 </r>
       <r>  -16.4677    1.0000 </r>
       <r>  -15.9140    1.0000 </r>
       <r>  -15.9114    1.0000 </r>
       <r>  -15.7850    1.0000 </r>
       <r>  -15.7848    1.0000 </r>
       <r>  -14.6865    1.0000 </r>
       <r>  -14.6805    1.0000 </r>
       <r>  -14.6485    1.0000 </r>
       <r>  -14.6471    1.0000 </r>
       <r>  -14.2083    1.0000 </r>
       <r>  -13.6385    1.0000 </r>
       <r>  -13.1786    1.0000 </r>
       <r>  -12.8532    1.0000 </r>
       <r>  -12.4540    1.0000 </r>
       <r>  -12.1694    1.0000 </r>
       <r>  -12.1664    1.0000 </r>
       <r>  -11.9536    1.0000 </r>
       <r>  -11.4583    1.0000 </r>
       <r>  -11.4557    1.0000 </r>
       <r>  -11.1660    1.0000 </r>
       <r>  -11.1649    1.0000 </r>
       <r>  -11.1343    1.0000 </r>
       <r>  -11.1312    1.0000 </r>
       <r>  -10.9184    1.0000 </r>
       <r>  -10.9175    1.0000 </r>
       <r>  -10.3638    1.0000 </r>
       <r>  -10.3387    1.0000 </r>
       <r>   -9.8661    1.0000 </r>
       <r>   -9.8619    1.0000 </r>
       <r>   -9.8274    1.0000 </r>
       <r>   -9.7468    1.0000 </r>
       <r>   -9.2819    1.0000 </r>
       <r>   -9.2818    1.0000 </r>
       <r>   -9.2604    1.0000 </r>
       <r>   -9.2601    1.0000 </r>
       <r>   -8.9609    1.0000 </r>
       <r>   -8.7783    1.0000 </r>
       <r>   -8.7508    1.0000 </r>
       <r>   -8.6757    1.0000 </r>
       <r>   -8.6738    1.0000 </r>
       <r>   -8.3601    1.0000 </r>
       <r>   -7.8897    1.0000 </r>
       <r>   -7.8896    1.0000 </r>
       <r>   -7.6233    1.0000 </r>
       <r>   -7.6194    1.0000 </r>
       <r>   -7.6181    1.0000 </r>
       <r>   -7.5371    1.0000 </r>
       <r>   -7.5326    1.0000 </r>
       <r>   -7.5202    1.0000 </r>
       <r>   -7.5039    1.0000 </r>
       <r>   -7.3142    1.0000 </r>
       <r>   -7.2234    1.0000 </r>
       <r>   -7.0181    1.0000 </r>
       <r>   -6.9286    1.0000 </r>
       <r>   -6.9103    1.0000 </r>
       <r>   -6.6858    1.0000 </r>
       <r>   -6.3871    1.0000 </r>
       <r>   -6.3696    1.0000 </r>
       <r>   -5.9891    1.0000 </r>
       <r>   -5.9761    1.0000 </r>
       <r>   -5.8210    1.0000 </r>
       <r>   -5.3065    1.0000 </r>
       <r>   -5.3057    1.0000 </r>
       <r>   -5.2869    1.0000 </r>
       <r>   -5.2830    1.0000 </r>
       <r>   -4.3529    1.0000 </r>
       <r>   -4.2069    1.0000 </r>
       <r>   -4.1980    1.0000 </r>
       <r>   -4.0566    1.0000 </r>
       <r>   -4.0558    1.0000 </r>
       <r>   -4.0467    1.0000 </r>
       <r>   -3.9829    1.0000 </r>
       <r>   -3.9812    1.0000 </r>
       <r>   -3.9768    1.0000 </r>
       <r>   -3.9741    1.0000 </r>
       <r>   -3.9733    1.0000 </r>
       <r>   -3.9373    1.0000 </r>
       <r>   -2.6207    1.0000 </r>
       <r>   -2.2438    0.9999 </r>
       <r>   -2.1392    0.8131 </r>
       <r>   -2.1372    0.7974 </r>
       <r>   -1.9845    0.0002 </r>
       <r>   -1.9781    0.0001 </r>
       <r>   -1.9465    0.0000 </r>
       <r>   -1.8122    0.0000 </r>
       <r>   -1.8105    0.0000 </r>
       <r>   -0.2776    0.0000 </r>
       <r>   -0.2708    0.0000 </r>
       <r>   -0.0650    0.0000 </r>
       <r>   -0.0642    0.0000 </r>
       <r>    0.1081    0.0000 </r>
       <r>    0.4833    0.0000 </r>
       <r>    0.6579    0.0000 </r>
       <r>    0.8814    0.0000 </r>
       <r>    1.0803    0.0000 </r>
       <r>    1.0866    0.0000 </r>
       <r>    1.0962    0.0000 </r>
       <r>    1.2953    0.0000 </r>
       <r>    1.3465    0.0000 </r>
       <r>    1.3545    0.0000 </r>
       <r>    1.5524    0.0000 </r>
       <r>    1.5880    0.0000 </r>
       <r>    1.5923    0.0000 </r>
       <r>    1.9751    0.0000 </r>
       <r>    1.9765    0.0000 </r>
       <r>    2.0007    0.0000 </r>
       <r>    2.0655    0.0000 </r>
      </set>
      <set comment="kpoint 2">
       <r>  -23.8190    1.0000 </r>
       <r>  -23.7968    1.0000 </r>
       <r>  -23.2489    1.0000 </r>
       <r>  -23.2484    1.0000 </r>
       <r>  -23.2245    1.0000 </r>
       <r>  -23.2224    1.0000 </r>
       <r>  -21.8136    1.0000 </r>
       <r>  -21.8088    1.0000 </r>
       <r>  -21.7720    1.0000 </r>
       <r>  -21.7661    1.0000 </r>
       <r>  -21.2212    1.0000 </r>
       <r>  -21.1840    1.0000 </r>
       <r>  -19.8508    1.0000 </r>
       <r>  -19.8081    1.0000 </r>
       <r>  -17.9980    1.0000 </r>
       <r>  -17.9875    1.0000 </r>
       <r>  -17.9059    1.0000 </r>
       <r>  -17.8945    1.0000 </r>
       <r>  -16.6144    1.0000 </r>
       <r>  -16.5087    1.0000 </r>
       <r>  -15.9426    1.0000 </r>
       <r>  -15.9161    1.0000 </r>
       <r>  -15.7983    1.0000 </r>
       <r>  -15.7575    1.0000 </r>
       <r>  -14.7266    1.0000 </r>
       <r>  -14.7087    1.0000 </r>
       <r>  -14.6133    1.0000 </r>
       <r>  -14.6123    1.0000 </r>
       <r>  -14.0846    1.0000 </r>
       <r>  -13.7614    1.0000 </r>
       <r>  -13.1181    1.0000 </r>
       <r>  -12.9333    1.0000 </r>
       <r>  -12.4096    1.0000 </r>
       <r>  -12.2641    1.0000 </r>
       <r>  -12.1814    1.0000 </r>
       <r>  -11.8127    1.0000 </r>
       <r>  -11.5034    1.0000 </r>
       <r>  -11.3842    1.0000 </r>
       <r>  -11.2072    1.0000 </r>
       <r>  -11.1979    1.0000 </r>
       <r>  -11.1392    1.0000 </r>
       <r>  -11.1248    1.0000 </r>
       <r>  -10.9611    1.0000 </r>
       <r>  -10.8192    1.0000 </r>
       <r>  -10.3585    1.0000 </r>
       <r>  -10.3442    1.0000 </r>
       <r>  -10.3136    1.0000 </r>
       <r>   -9.8330    1.0000 </r>
       <r>   -9.6753    1.0000 </r>
       <r>   -9.2949    1.0000 </r>
       <r>   -9.2889    1.0000 </r>
       <r>   -9.2528    1.0000 </r>
       <r>   -9.2469    1.0000 </r>
       <r>   -9.2465    1.0000 </r>
       <r>   -9.2357    1.0000 </r>
       <r>   -8.7633    1.0000 </r>
       <r>   -8.6820    1.0000 </r>
       <r>   -8.5932    1.0000 </r>
       <r>   -8.5586    1.0000 </r>
       <r>   -8.4049    1.0000 </r>
       <r>   -8.0598    1.0000 </r>
       <r>   -7.9540    1.0000 </r>
       <r>   -7.8952    1.0000 </r>
       <r>   -7.6279    1.0000 </r>
       <r>   -7.6092    1.0000 </r>
       <r>   -7.5812    1.0000 </r>
       <r>   -7.5547    1.0000 </r>
       <r>   -7.5321    1.0000 </r>
       <r>   -7.5158    1.0000 </r>
       <r>   -7.3802    1.0000 </r>
       <r>   -6.9955    1.0000 </r>
       <r>   -6.9334    1.0000 </r>
       <r>   -6.8730    1.0000 </r>
       <r>   -6.7778    1.0000 </r>
       <r>   -6.7338    1.0000 </r>
       <r>   -6.3560    1.0000 </r>
       <r>   -6.2492    1.0000 </r>
       <r>   -6.0533    1.0000 </r>
       <r>   -6.0268    1.0000 </r>
       <r>   -5.9003    1.0000 </r>
       <r>   -5.3311    1.0000 </r>
       <r>   -5.3256    1.0000 </r>
       <r>   -5.2641    1.0000 </r>
       <r>   -5.2578    1.0000 </r>
       <r>   -4.3110    1.0000 </r>
       <r>   -4.1991    1.0000 </r>
       <r>   -4.1572    1.0000 </r>
       <r>   -4.0566    1.0000 </r>
       <r>   -4.0526    1.0000 </r>
       <r>   -4.0475    1.0000 </r>
       <r>   -4.0392    1.0000 </r>
       <r>   -4.0098    1.0000 </r>
       <r>   -3.9821    1.0000 </r>
       <r>   -3.9811    1.0000 </r>
       <r>   -3.9762    1.0000 </r>
       <r>   -3.9521    1.0000 </r>
       <r>   -2.4994    1.0000 </r>
       <r>   -2.2375    0.9999 </r>
       <r>   -2.1651    0.9477 </r>
       <r>   -2.1643    0.9451 </r>
       <r>   -2.1284    0.7208 </r>
       <r>   -1.9942    0.0007 </r>
       <r>   -1.8819    0.0000 </r>
       <r>   -1.8057    0.0000 </r>
       <r>   -1.7899    0.0000 </r>
       <r>   -0.3255    0.0000 </r>
       <r>   -0.2515    0.0000 </r>
       <r>   -0.0659    0.0000 </r>
       <r>   -0.0300    0.0000 </r>
       <r>    0.1645    0.0000 </r>
       <r>    0.5971    0.0000 </r>
       <r>    0.6037    0.0000 </r>
       <r>    0.9212    0.0000 </r>
       <r>    0.9301    0.0000 </r>
       <r>    0.9702    0.0000 </r>
       <r>    0.9922    0.0000 </r>
       <r>    1.2460    0.0000 </r>
       <r>    1.3035    0.0000 </r>
       <r>    1.5120    0.0000 </r>
       <r>    1.5751    0.0000 </r>
       <r>    1.6266    0.0000 </r>
       <r>    1.7664    0.0000 </r>
       <r>    1.7706    0.0000 </r>
       <r>    1.9207    0.0000 </r>
       <r>    2.0613    0.0000 </r>
       <r>    2.1646    0.0000 </r>
      </set>
      <set comment="kpoint 3">
       <r>  -23.8188    1.0000 </r>
       <r>  -23.7969    1.0000 </r>
       <r>  -23.2505    1.0000 </r>
       <r>  -23.2461    1.0000 </r>
       <r>  -23.2245    1.0000 </r>
       <r>  -23.2230    1.0000 </r>
       <r>  -21.8155    1.0000 </r>
       <r>  -21.8076    1.0000 </r>
       <r>  -21.7703    1.0000 </r>
       <r>  -21.7670    1.0000 </r>
       <r>  -21.2213    1.0000 </r>
       <r>  -21.1840    1.0000 </r>
       <r>  -19.8507    1.0000 </r>
       <r>  -19.8081    1.0000 </r>
       <r>  -17.9981    1.0000 </r>
       <r>  -17.9867    1.0000 </r>
       <r>  -17.9057    1.0000 </r>
       <r>  -17.8953    1.0000 </r>
       <r>  -16.6145    1.0000 </r>
       <r>  -16.5087    1.0000 </r>
       <r>  -15.9443    1.0000 </r>
       <r>  -15.9159    1.0000 </r>
       <r>  -15.7965    1.0000 </r>
       <r>  -15.7575    1.0000 </r>
       <r>  -14.7224    1.0000 </r>
       <r>  -14.7103    1.0000 </r>
       <r>  -14.6170    1.0000 </r>
       <r>  -14.6110    1.0000 </r>
       <r>  -14.0850    1.0000 </r>
       <r>  -13.7614    1.0000 </r>
       <r>  -13.1183    1.0000 </r>
       <r>  -12.9335    1.0000 </r>
       <r>  -12.4101    1.0000 </r>
       <r>  -12.2656    1.0000 </r>
       <r>  -12.1793    1.0000 </r>
       <r>  -11.8140    1.0000 </r>
       <r>  -11.5035    1.0000 </r>
       <r>  -11.3814    1.0000 </r>
       <r>  -11.2056    1.0000 </r>
       <r>  -11.1978    1.0000 </r>
       <r>  -11.1384    1.0000 </r>
       <r>  -11.1274    1.0000 </r>
       <r>  -10.9594    1.0000 </r>
       <r>  -10.8209    1.0000 </r>
       <r>  -10.3586    1.0000 </r>
       <r>  -10.3442    1.0000 </r>
       <r>  -10.3121    1.0000 </r>
       <r>   -9.8368    1.0000 </r>
       <r>   -9.6741    1.0000 </r>
       <r>   -9.2947    1.0000 </r>
       <r>   -9.2894    1.0000 </r>
       <r>   -9.2527    1.0000 </r>
       <r>   -9.2470    1.0000 </r>
       <r>   -9.2466    1.0000 </r>
       <r>   -9.2359    1.0000 </r>
       <r>   -8.7849    1.0000 </r>
       <r>   -8.6807    1.0000 </r>
       <r>   -8.5759    1.0000 </r>
       <r>   -8.5585    1.0000 </r>
       <r>   -8.4070    1.0000 </r>
       <r>   -8.0431    1.0000 </r>
       <r>   -7.9500    1.0000 </r>
       <r>   -7.8958    1.0000 </r>
       <r>   -7.6237    1.0000 </r>
       <r>   -7.6127    1.0000 </r>
       <r>   -7.5775    1.0000 </r>
       <r>   -7.5587    1.0000 </r>
       <r>   -7.5289    1.0000 </r>
       <r>   -7.5191    1.0000 </r>
       <r>   -7.3914    1.0000 </r>
       <r>   -6.9955    1.0000 </r>
       <r>   -6.9334    1.0000 </r>
       <r>   -6.8730    1.0000 </r>
       <r>   -6.7951    1.0000 </r>
       <r>   -6.7337    1.0000 </r>
       <r>   -6.3523    1.0000 </r>
       <r>   -6.2384    1.0000 </r>
       <r>   -6.0439    1.0000 </r>
       <r>   -6.0191    1.0000 </r>
       <r>   -5.9168    1.0000 </r>
       <r>   -5.3318    1.0000 </r>
       <r>   -5.3227    1.0000 </r>
       <r>   -5.2633    1.0000 </r>
       <r>   -5.2606    1.0000 </r>
       <r>   -4.3156    1.0000 </r>
       <r>   -4.2016    1.0000 </r>
       <r>   -4.1516    1.0000 </r>
       <r>   -4.0560    1.0000 </r>
       <r>   -4.0537    1.0000 </r>
       <r>   -4.0470    1.0000 </r>
       <r>   -4.0384    1.0000 </r>
       <r>   -4.0095    1.0000 </r>
       <r>   -3.9831    1.0000 </r>
       <r>   -3.9797    1.0000 </r>
       <r>   -3.9764    1.0000 </r>
       <r>   -3.9508    1.0000 </r>
       <r>   -2.5017    1.0000 </r>
       <r>   -2.2351    0.9998 </r>
       <r>   -2.1695    0.9596 </r>
       <r>   -2.1665    0.9518 </r>
       <r>   -2.1265    0.7020 </r>
       <r>   -1.9897    0.0004 </r>
       <r>   -1.8823    0.0000 </r>
       <r>   -1.8077    0.0000 </r>
       <r>   -1.7882    0.0000 </r>
       <r>   -0.3202    0.0000 </r>
       <r>   -0.2527    0.0000 </r>
       <r>   -0.0688    0.0000 </r>
       <r>   -0.0302    0.0000 </r>
       <r>    0.1636    0.0000 </r>
       <r>    0.5970    0.0000 </r>
       <r>    0.6042    0.0000 </r>
       <r>    0.9167    0.0000 </r>
       <r>    0.9303    0.0000 </r>
       <r>    0.9767    0.0000 </r>
       <r>    0.9915    0.0000 </r>
       <r>    1.2431    0.0000 </r>
       <r>    1.3010    0.0000 </r>
       <r>    1.5159    0.0000 </r>
       <r>    1.5811    0.0000 </r>
       <r>    1.6233    0.0000 </r>
       <r>    1.7737    0.0000 </r>
       <r>    1.7742    0.0000 </r>
       <r>    1.9180    0.0000 </r>
       <r>    2.0579    0.0000 </r>
       <r>    2.1619    0.0000 </r>
      </set>
      <set comment="kpoint 4">
       <r>  -23.8084    1.0000 </r>
       <r>  -23.8077    1.0000 </r>
       <r>  -23.2576    1.0000 </r>
       <r>  -23.2361    1.0000 </r>
       <r>  -23.2353    1.0000 </r>
       <r>  -23.2144    1.0000 </r>
       <r>  -21.8258    1.0000 </r>
       <r>  -21.7912    1.0000 </r>
       <r>  -21.7903    1.0000 </r>
       <r>  -21.7543    1.0000 </r>
       <r>  -21.2027    1.0000 </r>
       <r>  -21.2021    1.0000 </r>
       <r>  -19.8299    1.0000 </r>
       <r>  -19.8293    1.0000 </r>
       <r>  -18.0232    1.0000 </r>
       <r>  -17.9468    1.0000 </r>
       <r>  -17.9461    1.0000 </r>
       <r>  -17.8666    1.0000 </r>
       <r>  -16.5627    1.0000 </r>
       <r>  -16.5622    1.0000 </r>
       <r>  -15.9707    1.0000 </r>
       <r>  -15.8614    1.0000 </r>
       <r>  -15.8597    1.0000 </r>
       <r>  -15.7319    1.0000 </r>
       <r>  -14.7522    1.0000 </r>
       <r>  -14.6679    1.0000 </r>
       <r>  -14.6660    1.0000 </r>
       <r>  -14.5727    1.0000 </r>
       <r>  -13.9237    1.0000 </r>
       <r>  -13.9230    1.0000 </r>
       <r>  -13.0304    1.0000 </r>
       <r>  -13.0298    1.0000 </r>
       <r>  -12.3424    1.0000 </r>
       <r>  -12.3419    1.0000 </r>
       <r>  -12.2012    1.0000 </r>
       <r>  -11.6432    1.0000 </r>
       <r>  -11.6404    1.0000 </r>
       <r>  -11.3366    1.0000 </r>
       <r>  -11.2519    1.0000 </r>
       <r>  -11.1732    1.0000 </r>
       <r>  -11.1719    1.0000 </r>
       <r>  -11.1156    1.0000 </r>
       <r>  -10.9835    1.0000 </r>
       <r>  -10.6070    1.0000 </r>
       <r>  -10.6060    1.0000 </r>
       <r>  -10.3517    1.0000 </r>
       <r>  -10.3511    1.0000 </r>
       <r>   -9.8029    1.0000 </r>
       <r>   -9.4770    1.0000 </r>
       <r>   -9.4761    1.0000 </r>
       <r>   -9.3058    1.0000 </r>
       <r>   -9.2714    1.0000 </r>
       <r>   -9.2707    1.0000 </r>
       <r>   -9.2351    1.0000 </r>
       <r>   -8.8836    1.0000 </r>
       <r>   -8.8834    1.0000 </r>
       <r>   -8.7643    1.0000 </r>
       <r>   -8.6809    1.0000 </r>
       <r>   -8.3413    1.0000 </r>
       <r>   -8.3276    1.0000 </r>
       <r>   -8.1716    1.0000 </r>
       <r>   -8.1694    1.0000 </r>
       <r>   -7.9108    1.0000 </r>
       <r>   -7.6313    1.0000 </r>
       <r>   -7.5867    1.0000 </r>
       <r>   -7.5855    1.0000 </r>
       <r>   -7.5353    1.0000 </r>
       <r>   -7.5264    1.0000 </r>
       <r>   -7.4905    1.0000 </r>
       <r>   -7.4853    1.0000 </r>
       <r>   -6.9648    1.0000 </r>
       <r>   -6.9644    1.0000 </r>
       <r>   -6.8015    1.0000 </r>
       <r>   -6.8010    1.0000 </r>
       <r>   -6.4836    1.0000 </r>
       <r>   -6.4601    1.0000 </r>
       <r>   -6.1724    1.0000 </r>
       <r>   -6.1637    1.0000 </r>
       <r>   -5.9837    1.0000 </r>
       <r>   -5.9689    1.0000 </r>
       <r>   -5.3517    1.0000 </r>
       <r>   -5.2943    1.0000 </r>
       <r>   -5.2926    1.0000 </r>
       <r>   -5.2372    1.0000 </r>
       <r>   -4.2527    1.0000 </r>
       <r>   -4.2485    1.0000 </r>
       <r>   -4.1013    1.0000 </r>
       <r>   -4.0841    1.0000 </r>
       <r>   -4.0571    1.0000 </r>
       <r>   -4.0499    1.0000 </r>
       <r>   -4.0488    1.0000 </r>
       <r>   -3.9970    1.0000 </r>
       <r>   -3.9969    1.0000 </r>
       <r>   -3.9828    1.0000 </r>
       <r>   -3.9798    1.0000 </r>
       <r>   -3.9759    1.0000 </r>
       <r>   -2.3381    1.0000 </r>
       <r>   -2.3361    1.0000 </r>
       <r>   -2.2123    0.9984 </r>
       <r>   -2.2071    0.9975 </r>
       <r>   -2.1171    0.6048 </r>
       <r>   -2.0048    0.0018 </r>
       <r>   -1.8405    0.0000 </r>
       <r>   -1.8398    0.0000 </r>
       <r>   -1.7680    0.0000 </r>
       <r>   -0.3578    0.0000 </r>
       <r>   -0.1668    0.0000 </r>
       <r>   -0.1636    0.0000 </r>
       <r>    0.0193    0.0000 </r>
       <r>    0.1999    0.0000 </r>
       <r>    0.6475    0.0000 </r>
       <r>    0.6488    0.0000 </r>
       <r>    0.7516    0.0000 </r>
       <r>    0.7519    0.0000 </r>
       <r>    1.2015    0.0000 </r>
       <r>    1.2051    0.0000 </r>
       <r>    1.2221    0.0000 </r>
       <r>    1.2697    0.0000 </r>
       <r>    1.2780    0.0000 </r>
       <r>    1.3265    0.0000 </r>
       <r>    1.7695    0.0000 </r>
       <r>    1.9212    0.0000 </r>
       <r>    1.9306    0.0000 </r>
       <r>    1.9561    0.0000 </r>
       <r>    1.9926    0.0000 </r>
       <r>    1.9990    0.0000 </r>
      </set>
     </set>
    </set>
   </array>
  </eigenvalues>
  <separator name="orbital magnetization" >
   <v name="MAGDIPOLOUT">      0.00000000      0.00000000      0.00000000</v>
  </separator>
  <dos>
   <i name="efermi">     -2.10773069 </i>
   <total>
    <array>
     <dimension dim="1">gridpoints</dimension>
     <dimension dim="2">spin</dimension>
     <field>energy</field>
     <field>total</field>
     <field>integrated</field>
     <set>
      <set comment="spin 1">
       <r>   -25.1263     0.0000     0.0000 </r>
       <r>   -25.0310     0.0000     0.0000 </r>
       <r>   -24.9357     0.0000     0.0000 </r>
       <r>   -24.8404     0.0000     0.0000 </r>
       <r>   -24.7451     0.0000     0.0000 </r>
       <r>   -24.6498     0.0000     0.0000 </r>
       <r>   -24.5545     0.0000     0.0000 </r>
       <r>   -24.4592     0.0000     0.0000 </r>
       <r>   -24.3639     0.0000     0.0000 </r>
       <r>   -24.2686     0.0000     0.0000 </r>
       <r>   -24.1733     0.0000     0.0000 </r>
       <r>   -24.0780     0.0000     0.0000 </r>
       <r>   -23.9827     0.0000     0.0000 </r>
       <r>   -23.8874     0.6649     0.0634 </r>
       <r>   -23.7921    27.2408     2.6595 </r>
       <r>   -23.6968    14.0107     3.9947 </r>
       <r>   -23.6015     0.0557     4.0000 </r>
       <r>   -23.5062     0.0000     4.0000 </r>
       <r>   -23.4109     0.0001     4.0000 </r>
       <r>   -23.3156     1.4191     4.1352 </r>
       <r>   -23.2203    54.2003     9.3006 </r>
       <r>   -23.1250    28.2008    11.9882 </r>
       <r>   -23.0297     0.1239    12.0000 </r>
       <r>   -22.9344     0.0000    12.0000 </r>
       <r>   -22.8391     0.0000    12.0000 </r>
       <r>   -22.7438     0.0000    12.0000 </r>
       <r>   -22.6485     0.0000    12.0000 </r>
       <r>   -22.5531     0.0000    12.0000 </r>
       <r>   -22.4578     0.0000    12.0000 </r>
       <r>   -22.3625     0.0000    12.0000 </r>
       <r>   -22.2672     0.0000    12.0000 </r>
       <r>   -22.1719     0.0000    12.0000 </r>
       <r>   -22.0766     0.0000    12.0000 </r>
       <r>   -21.9813     0.0000    12.0000 </r>
       <r>   -21.8860     0.7844    12.0748 </r>
       <r>   -21.7907    40.7059    15.9541 </r>
       <r>   -21.6954    41.6009    19.9187 </r>
       <r>   -21.6001     0.8529    20.0000 </r>
       <r>   -21.5048     0.0001    20.0000 </r>
       <r>   -21.4095     0.0000    20.0000 </r>
       <r>   -21.3142     0.0985    20.0094 </r>
       <r>   -21.2189    14.2879    21.3710 </r>
       <r>   -21.1236    26.5961    23.9057 </r>
       <r>   -21.0283     0.9894    24.0000 </r>
       <r>   -20.9330     0.0001    24.0000 </r>
       <r>   -20.8377     0.0000    24.0000 </r>
       <r>   -20.7424     0.0000    24.0000 </r>
       <r>   -20.6471     0.0000    24.0000 </r>
       <r>   -20.5518     0.0000    24.0000 </r>
       <r>   -20.4565     0.0000    24.0000 </r>
       <r>   -20.3612     0.0000    24.0000 </r>
       <r>   -20.2659     0.0000    24.0000 </r>
       <r>   -20.1706     0.0000    24.0000 </r>
       <r>   -20.0753     0.0000    24.0000 </r>
       <r>   -19.9800     0.0034    24.0003 </r>
       <r>   -19.8847     3.8247    24.3648 </r>
       <r>   -19.7894    31.0720    27.3260 </r>
       <r>   -19.6941     7.0562    27.9985 </r>
       <r>   -19.5988     0.0159    28.0000 </r>
       <r>   -19.5035     0.0000    28.0000 </r>
       <r>   -19.4082     0.0000    28.0000 </r>
       <r>   -19.3129     0.0000    28.0000 </r>
       <r>   -19.2176     0.0000    28.0000 </r>
       <r>   -19.1223     0.0000    28.0000 </r>
       <r>   -19.0270     0.0000    28.0000 </r>
       <r>   -18.9317     0.0000    28.0000 </r>
       <r>   -18.8364     0.0000    28.0000 </r>
       <r>   -18.7411     0.0000    28.0000 </r>
       <r>   -18.6458     0.0000    28.0000 </r>
       <r>   -18.5505     0.0000    28.0000 </r>
       <r>   -18.4552     0.0000    28.0000 </r>
       <r>   -18.3599     0.0000    28.0000 </r>
       <r>   -18.2646     0.0000    28.0000 </r>
       <r>   -18.1693     0.0001    28.0000 </r>
       <r>   -18.0740     0.6805    28.0649 </r>
       <r>   -17.9787    25.9447    30.5374 </r>
       <r>   -17.8834    44.3556    34.7646 </r>
       <r>   -17.7881    12.8780    35.9919 </r>
       <r>   -17.6928     0.0853    36.0000 </r>
       <r>   -17.5975     0.0000    36.0000 </r>
       <r>   -17.5022     0.0000    36.0000 </r>
       <r>   -17.4069     0.0000    36.0000 </r>
       <r>   -17.3116     0.0000    36.0000 </r>
       <r>   -17.2163     0.0000    36.0000 </r>
       <r>   -17.1210     0.0000    36.0000 </r>
       <r>   -17.0257     0.0000    36.0000 </r>
       <r>   -16.9304     0.0000    36.0000 </r>
       <r>   -16.8351     0.0000    36.0000 </r>
       <r>   -16.7398     0.0172    36.0016 </r>
       <r>   -16.6445     4.1908    36.4010 </r>
       <r>   -16.5492    19.4767    38.2572 </r>
       <r>   -16.4539    16.6207    39.8412 </r>
       <r>   -16.3586     1.6641    39.9998 </r>
       <r>   -16.2633     0.0025    40.0000 </r>
       <r>   -16.1680     0.0000    40.0000 </r>
       <r>   -16.0727     0.0110    40.0010 </r>
       <r>   -15.9774     5.0434    40.4817 </r>
       <r>   -15.8821    31.0454    43.4404 </r>
       <r>   -15.7868    24.4250    45.7681 </r>
       <r>   -15.6915    22.3595    47.8990 </r>
       <r>   -15.5961     1.0596    48.0000 </r>
       <r>   -15.5008     0.0003    48.0000 </r>
       <r>   -15.4055     0.0000    48.0000 </r>
       <r>   -15.3102     0.0000    48.0000 </r>
       <r>   -15.2149     0.0000    48.0000 </r>
       <r>   -15.1196     0.0000    48.0000 </r>
       <r>   -15.0243     0.0000    48.0000 </r>
       <r>   -14.9290     0.0000    48.0000 </r>
       <r>   -14.8337     0.0676    48.0064 </r>
       <r>   -14.7384    11.3076    49.0841 </r>
       <r>   -14.6431    40.0049    52.8966 </r>
       <r>   -14.5478    30.5205    55.8052 </r>
       <r>   -14.4525     2.0420    55.9998 </r>
       <r>   -14.3572     0.0017    56.0000 </r>
       <r>   -14.2619     0.1505    56.0143 </r>
       <r>   -14.1666     2.0469    56.2094 </r>
       <r>   -14.0713     9.2024    57.0864 </r>
       <r>   -13.9760     5.5429    57.6147 </r>
       <r>   -13.8807     7.6481    58.3435 </r>
       <r>   -13.7854     4.5329    58.7755 </r>
       <r>   -13.6901    10.3786    59.7646 </r>
       <r>   -13.5948     2.2176    59.9760 </r>
       <r>   -13.4995     0.2520    60.0000 </r>
       <r>   -13.4042     0.0001    60.0000 </r>
       <r>   -13.3089     0.0003    60.0000 </r>
       <r>   -13.2136     0.4230    60.0403 </r>
       <r>   -13.1183     8.8319    60.8820 </r>
       <r>   -13.0230    12.5005    62.0733 </r>
       <r>   -12.9277    11.8095    63.1988 </r>
       <r>   -12.8324     7.7289    63.9354 </r>
       <r>   -12.7371     0.6768    63.9999 </r>
       <r>   -12.6418     0.0012    64.0000 </r>
       <r>   -12.5465     0.0111    64.0011 </r>
       <r>   -12.4512     2.9244    64.2798 </r>
       <r>   -12.3559    15.8110    65.7866 </r>
       <r>   -12.2606    14.8340    67.2003 </r>
       <r>   -12.1653    21.7860    69.2765 </r>
       <r>   -12.0700     7.5669    69.9976 </r>
       <r>   -11.9747     0.6661    70.0611 </r>
       <r>   -11.8794     2.0744    70.2588 </r>
       <r>   -11.7841    10.7261    71.2810 </r>
       <r>   -11.6888     3.7352    71.6370 </r>
       <r>   -11.5935     7.7449    72.3751 </r>
       <r>   -11.4982     9.1269    73.2449 </r>
       <r>   -11.4029    14.1173    74.5903 </r>
       <r>   -11.3076    13.9167    75.9166 </r>
       <r>   -11.2123    17.9079    77.6232 </r>
       <r>   -11.1170    52.4242    82.6193 </r>
       <r>   -11.0217    15.6826    84.1139 </r>
       <r>   -10.9264    16.7830    85.7133 </r>
       <r>   -10.8311    10.5474    86.7185 </r>
       <r>   -10.7358     8.6617    87.5440 </r>
       <r>   -10.6405     1.6892    87.7050 </r>
       <r>   -10.5452     7.3723    88.4076 </r>
       <r>   -10.4499     0.5200    88.4571 </r>
       <r>   -10.3546    21.0487    90.4631 </r>
       <r>   -10.2593    33.6635    93.6713 </r>
       <r>   -10.1640     1.1175    93.7778 </r>
       <r>   -10.0687     0.0002    93.7778 </r>
       <r>    -9.9734     0.0053    93.7783 </r>
       <r>    -9.8781     3.3707    94.0995 </r>
       <r>    -9.7828    20.0096    96.0065 </r>
       <r>    -9.6875     9.5386    96.9155 </r>
       <r>    -9.5922     8.9180    97.7654 </r>
       <r>    -9.4969     2.7673    98.0291 </r>
       <r>    -9.4016     6.5783    98.6560 </r>
       <r>    -9.3063    17.7324   100.3460 </r>
       <r>    -9.2110    82.5214   108.2104 </r>
       <r>    -9.1157    11.7729   109.3324 </r>
       <r>    -9.0204     0.1186   109.3437 </r>
       <r>    -8.9251     2.9805   109.6277 </r>
       <r>    -8.8298     9.0796   110.4930 </r>
       <r>    -8.7345    20.0476   112.4036 </r>
       <r>    -8.6391    24.4082   114.7297 </r>
       <r>    -8.5438    23.3073   116.9509 </r>
       <r>    -8.4485     7.9232   117.7060 </r>
       <r>    -8.3532    15.5916   119.1919 </r>
       <r>    -8.2579     8.3805   119.9906 </r>
       <r>    -8.1626     5.5993   120.5242 </r>
       <r>    -8.0673     8.8390   121.3666 </r>
       <r>    -7.9720    13.3533   122.6392 </r>
       <r>    -7.8767    26.0777   125.1244 </r>
       <r>    -7.7814     6.8415   125.7764 </r>
       <r>    -7.6861     1.4298   125.9127 </r>
       <r>    -7.5908    43.3911   130.0479 </r>
       <r>    -7.4955    72.2104   136.9296 </r>
       <r>    -7.4002    20.3709   138.8710 </r>
       <r>    -7.3049    10.7589   139.8964 </r>
       <r>    -7.2096     2.6031   140.1444 </r>
       <r>    -7.1143     0.8269   140.2232 </r>
       <r>    -7.0190     5.3743   140.7354 </r>
       <r>    -6.9237    30.4870   143.6409 </r>
       <r>    -6.8284    24.5511   145.9806 </r>
       <r>    -6.7331    27.0950   148.5628 </r>
       <r>    -6.6378    10.1661   149.5317 </r>
       <r>    -6.5425     0.5192   149.5811 </r>
       <r>    -6.4472     6.8814   150.2370 </r>
       <r>    -6.3519    13.2007   151.4950 </r>
       <r>    -6.2566    12.9509   152.7292 </r>
       <r>    -6.1613    13.9165   154.0555 </r>
       <r>    -6.0660    10.4406   155.0505 </r>
       <r>    -5.9707    29.2003   157.8333 </r>
       <r>    -5.8754    17.7093   159.5210 </r>
       <r>    -5.7801     4.7336   159.9722 </r>
       <r>    -5.6848     0.2921   160.0000 </r>
       <r>    -5.5895     0.0001   160.0000 </r>
       <r>    -5.4942     0.0002   160.0000 </r>
       <r>    -5.3989     1.1047   160.1053 </r>
       <r>    -5.3036    35.1187   163.4522 </r>
       <r>    -5.2083    44.6973   167.7119 </r>
       <r>    -5.1130     3.0219   167.9999 </r>
       <r>    -5.0177     0.0014   168.0000 </r>
       <r>    -4.9224     0.0000   168.0000 </r>
       <r>    -4.8271     0.0000   168.0000 </r>
       <r>    -4.7318     0.0000   168.0000 </r>
       <r>    -4.6365     0.0000   168.0000 </r>
       <r>    -4.5412     0.0000   168.0000 </r>
       <r>    -4.4459     0.0111   168.0011 </r>
       <r>    -4.3506     3.2121   168.3072 </r>
       <r>    -4.2553    17.7020   169.9942 </r>
       <r>    -4.1600    27.6246   172.6269 </r>
       <r>    -4.0647    44.7363   176.8903 </r>
       <r>    -3.9694   115.8451   187.9305 </r>
       <r>    -3.8741    42.3127   191.9630 </r>
       <r>    -3.7788     0.3887   192.0000 </r>
       <r>    -3.6835     0.0000   192.0000 </r>
       <r>    -3.5882     0.0000   192.0000 </r>
       <r>    -3.4929     0.0000   192.0000 </r>
       <r>    -3.3976     0.0000   192.0000 </r>
       <r>    -3.3023     0.0000   192.0000 </r>
       <r>    -3.2070     0.0000   192.0000 </r>
       <r>    -3.1117     0.0000   192.0000 </r>
       <r>    -3.0164     0.0000   192.0000 </r>
       <r>    -2.9211     0.0000   192.0000 </r>
       <r>    -2.8258     0.0000   192.0000 </r>
       <r>    -2.7305     0.0022   192.0002 </r>
       <r>    -2.6352     0.7956   192.0760 </r>
       <r>    -2.5399     3.3430   192.3946 </r>
       <r>    -2.4446    11.3837   193.4795 </r>
       <r>    -2.3493     4.2209   193.8818 </r>
       <r>    -2.2540    12.2647   195.0506 </r>
       <r>    -2.1587    39.1537   198.7820 </r>
       <r>    -2.0634    31.1215   201.7479 </r>
       <r>    -1.9681    18.6142   203.5219 </r>
       <r>    -1.8728    18.1580   205.2524 </r>
       <r>    -1.7775    37.7818   208.8530 </r>
       <r>    -1.6821    11.9789   209.9946 </r>
       <r>    -1.5868     0.0562   210.0000 </r>
       <r>    -1.4915     0.0000   210.0000 </r>
       <r>    -1.3962     0.0000   210.0000 </r>
       <r>    -1.3009     0.0000   210.0000 </r>
       <r>    -1.2056     0.0000   210.0000 </r>
       <r>    -1.1103     0.0000   210.0000 </r>
       <r>    -1.0150     0.0000   210.0000 </r>
       <r>    -0.9197     0.0000   210.0000 </r>
       <r>    -0.8244     0.0000   210.0000 </r>
       <r>    -0.7291     0.0000   210.0000 </r>
       <r>    -0.6338     0.0000   210.0000 </r>
       <r>    -0.5385     0.0000   210.0000 </r>
       <r>    -0.4432     0.0419   210.0040 </r>
       <r>    -0.3479     6.3983   210.6138 </r>
       <r>    -0.2526    22.2323   212.7325 </r>
       <r>    -0.1573    14.1641   214.0824 </r>
       <r>    -0.0620    16.6186   215.6662 </r>
       <r>     0.0333    22.3581   217.7969 </r>
       <r>     0.1286     6.0983   218.3781 </r>
       <r>     0.2239    15.2166   219.8283 </r>
       <r>     0.3192     1.8003   219.9998 </r>
       <r>     0.4145     0.0620   220.0057 </r>
       <r>     0.5098     1.8923   220.1861 </r>
       <r>     0.6051    17.0162   221.8077 </r>
       <r>     0.7004    22.6979   223.9709 </r>
       <r>     0.7957     8.6566   224.7959 </r>
       <r>     0.8910     7.3730   225.4985 </r>
       <r>     0.9863    37.9519   229.1154 </r>
       <r>     1.0816    16.8817   230.7243 </r>
       <r>     1.1769     7.0194   231.3932 </r>
       <r>     1.2722    29.4793   234.2026 </r>
       <r>     1.3675    27.9097   236.8625 </r>
       <r>     1.4628     3.7029   237.2154 </r>
       <r>     1.5581    18.1611   238.9461 </r>
       <r>     1.6534    26.3180   241.4543 </r>
       <r>     1.7487    12.2788   242.6245 </r>
       <r>     1.8440    23.4785   244.8620 </r>
       <r>     1.9393    19.0341   246.6760 </r>
       <r>     2.0346    27.3098   249.2786 </r>
       <r>     2.1299    16.5201   250.8530 </r>
       <r>     2.2252    11.4619   251.9454 </r>
       <r>     2.3205     0.5733   252.0000 </r>
       <r>     2.4158     0.0001   252.0000 </r>
       <r>     2.5111     0.0000   252.0000 </r>
       <r>     2.6064     0.0000   252.0000 </r>
       <r>     2.7017     0.0000   252.0000 </r>
       <r>     2.7970     0.0000   252.0000 </r>
       <r>     2.8923     0.0000   252.0000 </r>
       <r>     2.9876     0.0000   252.0000 </r>
       <r>     3.0829     0.0000   252.0000 </r>
       <r>     3.1782     0.0000   252.0000 </r>
       <r>     3.2735     0.0000   252.0000 </r>
       <r>     3.3688     0.0000   252.0000 </r>
       <r>     3.4641     0.0000   252.0000 </r>
      </set>
     </set>
    </array>
   </total>
  </dos>
 </calculation>
 <structure name="finalpos" >
  <crystal>
   <varray name="basis" >
    <v>      12.20429048      -7.02226007       0.00000000 </v>
    <v>      12.20429048       7.02226007       0.00000000 </v>
    <v>       0.00000000       0.00000000      15.00000000 </v>
   </varray>
   <i name="volume">   2571.05105243 </i>
   <varray name="rec_basis" >
    <v>       0.04096920      -0.07120215       0.00000000 </v>
    <v>       0.04096920       0.07120215       0.00000000 </v>
    <v>       0.00000000       0.00000000       0.06666667 </v>
   </varray>
  </crystal>
  <varray name="positions" >
   <v>       0.26096806       0.35891121       0.00000000 </v>
   <v>       0.35891121       0.26096806       0.00000000 </v>
   <v>       0.64049792       0.12145451       0.00000000 </v>
   <v>       0.26691415       0.16682066       0.00000000 </v>
   <v>       0.83284659       0.93472247       0.00000000 </v>
   <v>       0.35950453       0.87854604       0.00000000 </v>
   <v>       0.73826380       0.12130437       0.00000000 </v>
   <v>       0.26706703       0.06511905       0.00000000 </v>
   <v>       0.93472247       0.83284659       0.00000000 </v>
   <v>       0.26173902       0.87869574       0.00000000 </v>
   <v>       0.12130437       0.73826380       0.00000000 </v>
   <v>       0.73293076       0.93487969       0.00000000 </v>
   <v>       0.16715113       0.06527556       0.00000000 </v>
   <v>       0.87869574       0.26173902       0.00000000 </v>
   <v>       0.12145451       0.64049792       0.00000000 </v>
   <v>       0.06527556       0.16715113       0.00000000 </v>
   <v>       0.83317811       0.73308342       0.00000000 </v>
   <v>       0.87854604       0.35950453       0.00000000 </v>
   <v>       0.73903198       0.64108896       0.00000000 </v>
   <v>       0.06511905       0.26706703       0.00000000 </v>
   <v>       0.73308342       0.83317811       0.00000000 </v>
   <v>       0.64108896       0.73903198       0.00000000 </v>
   <v>       0.93487969       0.73293076       0.00000000 </v>
   <v>       0.16682066       0.26691415       0.00000000 </v>
   <v>       0.00000057       0.00000057       0.00000000 </v>
   <v>       0.00000225       0.49999734       0.00000000 </v>
   <v>       0.49999734       0.00000225       0.00000000 </v>
   <v>       0.56572100       0.73608874       0.00000000 </v>
   <v>       0.26391082       0.43428023       0.00000000 </v>
   <v>       0.43428023       0.26391082       0.00000000 </v>
   <v>       0.73608874       0.56572100       0.00000000 </v>
   <v>       0.56502918       0.20007382       0.00000000 </v>
   <v>       0.43497333       0.79992670       0.00000000 </v>
   <v>       0.73505630       0.19976295       0.00000000 </v>
   <v>       0.26494764       0.80023768       0.00000000 </v>
   <v>       0.79992670       0.43497333       0.00000000 </v>
   <v>       0.19976295       0.73505630       0.00000000 </v>
   <v>       0.80023768       0.26494764       0.00000000 </v>
   <v>       0.20007382       0.56502918       0.00000000 </v>
   <v>       0.63324134       0.83933504       0.00000000 </v>
   <v>       0.97110969       0.36698413       0.00000000 </v>
   <v>       0.83933504       0.63324134       0.00000000 </v>
   <v>       0.16066661       0.36675515       0.00000000 </v>
   <v>       0.02889189       0.63301602       0.00000000 </v>
   <v>       0.02855110       0.83860872       0.00000000 </v>
   <v>       0.36698413       0.97110969       0.00000000 </v>
   <v>       0.83860872       0.02855110       0.00000000 </v>
   <v>       0.36675515       0.16066661       0.00000000 </v>
   <v>       0.63301602       0.02889189       0.00000000 </v>
   <v>       0.97144577       0.16139122       0.00000000 </v>
   <v>       0.16139122       0.97144577       0.00000000 </v>
  </varray>
 </structure>
</modeling>
